Geo_NAME,Geo_QName,Geo_FIPS,Geo_SUMLEV,Geo_GEOCOMP,Geo_STATE,Geo_COUNTY,Geo_COUNTYSC,Geo_COUSUB,Geo_TRACT,SE_T002_001,SE_T002_002,SE_T002_006
Census Tract 1000,"Census Tract 1000, Harris County, Texas",48201100000,140,0,48,201,22,,100000,4690,3186.86,1.471668209
Census Tract 2101,"Census Tract 2101, Harris County, Texas",48201210100,140,0,48,201,22,,210100,9652,37943.47,0.254378399
Census Tract 2104,"Census Tract 2104, Harris County, Texas",48201210400,140,0,48,201,22,,210400,5328,7605.897,0.700509037
Census Tract 2105,"Census Tract 2105, Harris County, Texas",48201210500,140,0,48,201,22,,210500,4882,5875.718,0.830877209
Census Tract 2106,"Census Tract 2106, Harris County, Texas",48201210600,140,0,48,201,22,,210600,5497,6100.32,0.901100314
Census Tract 2107,"Census Tract 2107, Harris County, Texas",48201210700,140,0,48,201,22,,210700,2485,5700.257,0.435945263
Census Tract 2108,"Census Tract 2108, Harris County, Texas",48201210800,140,0,48,201,22,,210800,2753,1953.058,1.409584523
Census Tract 2109,"Census Tract 2109, Harris County, Texas",48201210900,140,0,48,201,22,,210900,1620,3321.018,0.48780226
Census Tract 2110,"Census Tract 2110, Harris County, Texas",48201211000,140,0,48,201,22,,211000,2039,4703.587,0.43349892
Census Tract 2111,"Census Tract 2111, Harris County, Texas",48201211100,140,0,48,201,22,,211100,6004,6513.807,0.921734386
Census Tract 2112,"Census Tract 2112, Harris County, Texas",48201211200,140,0,48,201,22,,211200,2831,4303.187,0.657884515
Census Tract 2113,"Census Tract 2113, Harris County, Texas",48201211300,140,0,48,201,22,,211300,5046,4762.284,1.059575566
Census Tract 2114,"Census Tract 2114, Harris County, Texas",48201211400,140,0,48,201,22,,211400,3690,2637.844,1.398869416
Census Tract 2115,"Census Tract 2115, Harris County, Texas",48201211500,140,0,48,201,22,,211500,6907,2958.945,2.334277997
Census Tract 2116,"Census Tract 2116, Harris County, Texas",48201211600,140,0,48,201,22,,211600,2811,6251.98,0.449617527
Census Tract 2117,"Census Tract 2117, Harris County, Texas",48201211700,140,0,48,201,22,,211700,3886,2265.573,1.715239221
Census Tract 2119,"Census Tract 2119, Harris County, Texas",48201211900,140,0,48,201,22,,211900,5225,10847.64,0.48167173
Census Tract 2123,"Census Tract 2123, Harris County, Texas",48201212300,140,0,48,201,22,,212300,5381,4313.394,1.247509641
Census Tract 2124,"Census Tract 2124, Harris County, Texas",48201212400,140,0,48,201,22,,212400,3216,1025.229,3.136859707
Census Tract 2125,"Census Tract 2125, Harris County, Texas",48201212500,140,0,48,201,22,,212500,3610,866.8804,4.164357904
Census Tract 2201,"Census Tract 2201, Harris County, Texas",48201220100,140,0,48,201,22,,220100,2097,3045.946,0.688456086
Census Tract 2202,"Census Tract 2202, Harris County, Texas",48201220200,140,0,48,201,22,,220200,3030,5318.51,0.569708431
Census Tract 2203,"Census Tract 2203, Harris County, Texas",48201220300,140,0,48,201,22,,220300,4509,5895.748,0.764788486
Census Tract 2204,"Census Tract 2204, Harris County, Texas",48201220400,140,0,48,201,22,,220400,5021,6825.814,0.735589895
Census Tract 2205,"Census Tract 2205, Harris County, Texas",48201220500,140,0,48,201,22,,220500,4288,4623.613,0.927413177
Census Tract 2206,"Census Tract 2206, Harris County, Texas",48201220600,140,0,48,201,22,,220600,3894,6072.25,0.641277875
Census Tract 2207,"Census Tract 2207, Harris County, Texas",48201220700,140,0,48,201,22,,220700,6317,3930.609,1.607130226
Census Tract 2208,"Census Tract 2208, Harris County, Texas",48201220800,140,0,48,201,22,,220800,3289,4736.349,0.694416731
Census Tract 2209,"Census Tract 2209, Harris County, Texas",48201220900,140,0,48,201,22,,220900,1852,3038.902,0.609430623
Census Tract 2210,"Census Tract 2210, Harris County, Texas",48201221000,140,0,48,201,22,,221000,4037,4216.699,0.957383972
Census Tract 2211,"Census Tract 2211, Harris County, Texas",48201221100,140,0,48,201,22,,221100,3598,3044.166,1.181932889
Census Tract 2212,"Census Tract 2212, Harris County, Texas",48201221200,140,0,48,201,22,,221200,5994,6208.198,0.965497524
Census Tract 2213,"Census Tract 2213, Harris County, Texas",48201221300,140,0,48,201,22,,221300,8593,6484.877,1.325082973
Census Tract 2214,"Census Tract 2214, Harris County, Texas",48201221400,140,0,48,201,22,,221400,6137,7871.813,0.779617126
Census Tract 2215,"Census Tract 2215, Harris County, Texas",48201221500,140,0,48,201,22,,221500,8259,9462.86,0.872780492
Census Tract 2216,"Census Tract 2216, Harris County, Texas",48201221600,140,0,48,201,22,,221600,9217,4144.192,2.224076328
Census Tract 2217,"Census Tract 2217, Harris County, Texas",48201221700,140,0,48,201,22,,221700,8245,4013.777,2.054175154
Census Tract 2218,"Census Tract 2218, Harris County, Texas",48201221800,140,0,48,201,22,,221800,4285,3532.181,1.213131489
Census Tract 2219,"Census Tract 2219, Harris County, Texas",48201221900,140,0,48,201,22,,221900,4888,4753.375,1.028322139
Census Tract 2220,"Census Tract 2220, Harris County, Texas",48201222000,140,0,48,201,22,,222000,2507,5674.001,0.441839885
Census Tract 2221,"Census Tract 2221, Harris County, Texas",48201222100,140,0,48,201,22,,222100,5621,6420.301,0.875504056
Census Tract 2222,"Census Tract 2222, Harris County, Texas",48201222200,140,0,48,201,22,,222200,3726,3250.004,1.146460138
Census Tract 2223,"Census Tract 2223, Harris County, Texas",48201222300,140,0,48,201,22,,222300,4512,2340.146,1.928084995
Census Tract 2224.01,"Census Tract 2224.01, Harris County, Texas",48201222401,140,0,48,201,22,,222401,3701,1896.068,1.951933754
Census Tract 2224.02,"Census Tract 2224.02, Harris County, Texas",48201222402,140,0,48,201,22,,222402,5906,3747.981,1.575781818
Census Tract 2225.01,"Census Tract 2225.01, Harris County, Texas",48201222501,140,0,48,201,22,,222501,2860,8144.697,0.351148731
Census Tract 2225.02,"Census Tract 2225.02, Harris County, Texas",48201222502,140,0,48,201,22,,222502,4025,3064.59,1.313389483
Census Tract 2225.03,"Census Tract 2225.03, Harris County, Texas",48201222503,140,0,48,201,22,,222503,6614,10035.55,0.659057108
Census Tract 2226,"Census Tract 2226, Harris County, Texas",48201222600,140,0,48,201,22,,222600,4947,4901.91,1.009198498
Census Tract 2227,"Census Tract 2227, Harris County, Texas",48201222700,140,0,48,201,22,,222700,5175,1900.18,2.723426518
Census Tract 2228,"Census Tract 2228, Harris County, Texas",48201222800,140,0,48,201,22,,222800,3561,1373.264,2.593092323
Census Tract 2229,"Census Tract 2229, Harris County, Texas",48201222900,140,0,48,201,22,,222900,7848,3504.478,2.239420414
Census Tract 2230.01,"Census Tract 2230.01, Harris County, Texas",48201223001,140,0,48,201,22,,223001,3591,2995.263,1.1988932
Census Tract 2230.02,"Census Tract 2230.02, Harris County, Texas",48201223002,140,0,48,201,22,,223002,3985,13938.54,0.28589785
Census Tract 2231,"Census Tract 2231, Harris County, Texas",48201223100,140,0,48,201,22,,223100,2111,1150.395,1.835022016
Census Tract 2301,"Census Tract 2301, Harris County, Texas",48201230100,140,0,48,201,22,,230100,1705,3265.638,0.522103191
Census Tract 2302,"Census Tract 2302, Harris County, Texas",48201230200,140,0,48,201,22,,230200,5054,1682.803,3.003322795
Census Tract 2303,"Census Tract 2303, Harris County, Texas",48201230300,140,0,48,201,22,,230300,1803,2676.939,0.673530534
Census Tract 2304,"Census Tract 2304, Harris County, Texas",48201230400,140,0,48,201,22,,230400,3719,3351.261,1.109731396
Census Tract 2305,"Census Tract 2305, Harris County, Texas",48201230500,140,0,48,201,22,,230500,4174,3262.628,1.279336815
Census Tract 2306,"Census Tract 2306, Harris County, Texas",48201230600,140,0,48,201,22,,230600,2572,3074.729,0.83649654
Census Tract 2307,"Census Tract 2307, Harris County, Texas",48201230700,140,0,48,201,22,,230700,2651,2544.513,1.041849615
Census Tract 2308,"Census Tract 2308, Harris County, Texas",48201230800,140,0,48,201,22,,230800,2805,3922.985,0.715016826
Census Tract 2309,"Census Tract 2309, Harris County, Texas",48201230900,140,0,48,201,22,,230900,4231,1723.793,2.454470445
Census Tract 2310,"Census Tract 2310, Harris County, Texas",48201231000,140,0,48,201,22,,231000,4282,2691.649,1.590846367
Census Tract 2311,"Census Tract 2311, Harris County, Texas",48201231100,140,0,48,201,22,,231100,4729,1109.247,4.263252185
Census Tract 2312,"Census Tract 2312, Harris County, Texas",48201231200,140,0,48,201,22,,231200,6698,1249.359,5.361148005
Census Tract 2313,"Census Tract 2313, Harris County, Texas",48201231300,140,0,48,201,22,,231300,4254,2290.841,1.856959955
Census Tract 2314,"Census Tract 2314, Harris County, Texas",48201231400,140,0,48,201,22,,231400,2379,1849.028,1.286622177
Census Tract 2315,"Census Tract 2315, Harris County, Texas",48201231500,140,0,48,201,22,,231500,2706,6043.922,0.447722538
Census Tract 2316,"Census Tract 2316, Harris County, Texas",48201231600,140,0,48,201,22,,231600,2822,4390.25,0.64278792
Census Tract 2317,"Census Tract 2317, Harris County, Texas",48201231700,140,0,48,201,22,,231700,3867,2357.378,1.640381731
Census Tract 2318,"Census Tract 2318, Harris County, Texas",48201231800,140,0,48,201,22,,231800,2764,2550.729,1.08361197
Census Tract 2319,"Census Tract 2319, Harris County, Texas",48201231900,140,0,48,201,22,,231900,6292,1852.755,3.396023456
Census Tract 2320,"Census Tract 2320, Harris County, Texas",48201232000,140,0,48,201,22,,232000,4050,657.7269,6.157571
Census Tract 2321,"Census Tract 2321, Harris County, Texas",48201232100,140,0,48,201,22,,232100,2869,2312.44,1.240680652
Census Tract 2322,"Census Tract 2322, Harris County, Texas",48201232200,140,0,48,201,22,,232200,9437,1250.309,7.547733812
Census Tract 2323.01,"Census Tract 2323.01, Harris County, Texas",48201232301,140,0,48,201,22,,232301,8913,894.9703,9.958989771
Census Tract 2323.02,"Census Tract 2323.02, Harris County, Texas",48201232302,140,0,48,201,22,,232302,9020,1961.354,4.59886262
Census Tract 2324.01,"Census Tract 2324.01, Harris County, Texas",48201232401,140,0,48,201,22,,232401,7415,1332.863,5.563213034
Census Tract 2324.02,"Census Tract 2324.02, Harris County, Texas",48201232402,140,0,48,201,22,,232402,3714,6459.769,0.574943204
Census Tract 2324.03,"Census Tract 2324.03, Harris County, Texas",48201232403,140,0,48,201,22,,232403,4165,4993.697,0.834051355
Census Tract 2325,"Census Tract 2325, Harris County, Texas",48201232500,140,0,48,201,22,,232500,3135,710.8066,4.410482211
Census Tract 2326,"Census Tract 2326, Harris County, Texas",48201232600,140,0,48,201,22,,232600,3000,1269.725,2.362716352
Census Tract 2327.01,"Census Tract 2327.01, Harris County, Texas",48201232701,140,0,48,201,22,,232701,7235,4013.557,1.802640398
Census Tract 2327.02,"Census Tract 2327.02, Harris County, Texas",48201232702,140,0,48,201,22,,232702,5217,3087.118,1.68992559
Census Tract 2328,"Census Tract 2328, Harris County, Texas",48201232800,140,0,48,201,22,,232800,5201,6798.479,0.765024008
Census Tract 2329,"Census Tract 2329, Harris County, Texas",48201232900,140,0,48,201,22,,232900,7254,5749.915,1.261583837
Census Tract 2330.01,"Census Tract 2330.01, Harris County, Texas",48201233001,140,0,48,201,22,,233001,3133,8580.526,0.365129105
Census Tract 2330.02,"Census Tract 2330.02, Harris County, Texas",48201233002,140,0,48,201,22,,233002,3932,5869.871,0.669861405
Census Tract 2330.03,"Census Tract 2330.03, Harris County, Texas",48201233003,140,0,48,201,22,,233003,2235,5732.042,0.38991339
Census Tract 2331.01,"Census Tract 2331.01, Harris County, Texas",48201233101,140,0,48,201,22,,233101,4107,6133.371,0.669615458
Census Tract 2331.02,"Census Tract 2331.02, Harris County, Texas",48201233102,140,0,48,201,22,,233102,6676,7073.945,0.943744913
Census Tract 2331.03,"Census Tract 2331.03, Harris County, Texas",48201233103,140,0,48,201,22,,233103,5164,8196.346,0.630036896
Census Tract 2332,"Census Tract 2332, Harris County, Texas",48201233200,140,0,48,201,22,,233200,6232,5131.057,1.214564701
Census Tract 2333,"Census Tract 2333, Harris County, Texas",48201233300,140,0,48,201,22,,233300,4818,1196.054,4.028245691
Census Tract 2334,"Census Tract 2334, Harris County, Texas",48201233400,140,0,48,201,22,,233400,2757,2728.541,1.010430164
Census Tract 2335,"Census Tract 2335, Harris County, Texas",48201233500,140,0,48,201,22,,233500,7796,7237.744,1.077131245
Census Tract 2336,"Census Tract 2336, Harris County, Texas",48201233600,140,0,48,201,22,,233600,2127,1578.128,1.347799295
Census Tract 2337.01,"Census Tract 2337.01, Harris County, Texas",48201233701,140,0,48,201,22,,233701,5245,1966.452,2.667240543
Census Tract 2337.02,"Census Tract 2337.02, Harris County, Texas",48201233702,140,0,48,201,22,,233702,3000,3114.737,0.96316315
Census Tract 2337.03,"Census Tract 2337.03, Harris County, Texas",48201233703,140,0,48,201,22,,233703,2656,978.2274,2.715115282
Census Tract 2401,"Census Tract 2401, Harris County, Texas",48201240100,140,0,48,201,22,,240100,3557,2565.691,1.386370902
Census Tract 2404,"Census Tract 2404, Harris County, Texas",48201240400,140,0,48,201,22,,240400,6394,792.4965,8.068174833
Census Tract 2405.01,"Census Tract 2405.01, Harris County, Texas",48201240501,140,0,48,201,22,,240501,5418,4268.208,1.269385032
Census Tract 2405.02,"Census Tract 2405.02, Harris County, Texas",48201240502,140,0,48,201,22,,240502,5594,22594.76,0.247579525
Census Tract 2406,"Census Tract 2406, Harris County, Texas",48201240600,140,0,48,201,22,,240600,2657,2808.27,0.946134113
Census Tract 2407.01,"Census Tract 2407.01, Harris County, Texas",48201240701,140,0,48,201,22,,240701,13642,4775.107,2.856899337
Census Tract 2407.02,"Census Tract 2407.02, Harris County, Texas",48201240702,140,0,48,201,22,,240702,10524,2656.138,3.96214384
Census Tract 2408.01,"Census Tract 2408.01, Harris County, Texas",48201240801,140,0,48,201,22,,240801,5157,4582.356,1.12540367
Census Tract 2408.02,"Census Tract 2408.02, Harris County, Texas",48201240802,140,0,48,201,22,,240802,3912,834.4025,4.688385043
Census Tract 2409.01,"Census Tract 2409.01, Harris County, Texas",48201240901,140,0,48,201,22,,240901,8671,3891.405,2.228244301
Census Tract 2409.02,"Census Tract 2409.02, Harris County, Texas",48201240902,140,0,48,201,22,,240902,11756,2541.203,4.626156183
Census Tract 2410,"Census Tract 2410, Harris County, Texas",48201241000,140,0,48,201,22,,241000,8317,1257.112,6.615956522
Census Tract 2411.01,"Census Tract 2411.01, Harris County, Texas",48201241101,140,0,48,201,22,,241101,4542,5747.534,0.790251924
Census Tract 2411.02,"Census Tract 2411.02, Harris County, Texas",48201241102,140,0,48,201,22,,241102,11643,4573.432,2.54579056
Census Tract 2411.03,"Census Tract 2411.03, Harris County, Texas",48201241103,140,0,48,201,22,,241103,4298,4001.268,1.074159417
Census Tract 2412,"Census Tract 2412, Harris County, Texas",48201241200,140,0,48,201,22,,241200,6931,3655.731,1.895927317
Census Tract 2413,"Census Tract 2413, Harris County, Texas",48201241300,140,0,48,201,22,,241300,10947,1658.789,6.599391194
Census Tract 2414,"Census Tract 2414, Harris County, Texas",48201241400,140,0,48,201,22,,241400,7931,1891.412,4.193163443
Census Tract 2415,"Census Tract 2415, Harris County, Texas",48201241500,140,0,48,201,22,,241500,9146,709.1265,12.89755705
Census Tract 2501,"Census Tract 2501, Harris County, Texas",48201250100,140,0,48,201,22,,250100,7865,1434.379,5.48320803
Census Tract 2502,"Census Tract 2502, Harris County, Texas",48201250200,140,0,48,201,22,,250200,8428,3579.835,2.354298167
Census Tract 2503.01,"Census Tract 2503.01, Harris County, Texas",48201250301,140,0,48,201,22,,250301,8587,1890.136,4.543058501
Census Tract 2503.02,"Census Tract 2503.02, Harris County, Texas",48201250302,140,0,48,201,22,,250302,9742,5034.715,1.934965336
Census Tract 2504.01,"Census Tract 2504.01, Harris County, Texas",48201250401,140,0,48,201,22,,250401,12134,6704.657,1.809786763
Census Tract 2504.02,"Census Tract 2504.02, Harris County, Texas",48201250402,140,0,48,201,22,,250402,13962,1835.48,7.606730224
Census Tract 2505,"Census Tract 2505, Harris County, Texas",48201250500,140,0,48,201,22,,250500,5510,3129.253,1.760803525
Census Tract 2506,"Census Tract 2506, Harris County, Texas",48201250600,140,0,48,201,22,,250600,7606,1411.314,5.389305279
Census Tract 2507.01,"Census Tract 2507.01, Harris County, Texas",48201250701,140,0,48,201,22,,250701,5373,796.3287,6.747213501
Census Tract 2507.02,"Census Tract 2507.02, Harris County, Texas",48201250702,140,0,48,201,22,,250702,4563,3937.564,1.158838188
Census Tract 2508,"Census Tract 2508, Harris County, Texas",48201250800,140,0,48,201,22,,250800,8129,3034.376,2.678969555
Census Tract 2509,"Census Tract 2509, Harris County, Texas",48201250900,140,0,48,201,22,,250900,8569,1930.427,4.438915161
Census Tract 2510,"Census Tract 2510, Harris County, Texas",48201251000,140,0,48,201,22,,251000,2774,928.124,2.988824659
Census Tract 2511,"Census Tract 2511, Harris County, Texas",48201251100,140,0,48,201,22,,251100,7400,1824.663,4.055543114
Census Tract 2512,"Census Tract 2512, Harris County, Texas",48201251200,140,0,48,201,22,,251200,5584,4170.474,1.338936705
Census Tract 2513,"Census Tract 2513, Harris County, Texas",48201251300,140,0,48,201,22,,251300,7159,2836.939,2.523494317
Census Tract 2514.01,"Census Tract 2514.01, Harris County, Texas",48201251401,140,0,48,201,22,,251401,2446,5259.016,0.465106016
Census Tract 2514.02,"Census Tract 2514.02, Harris County, Texas",48201251402,140,0,48,201,22,,251402,5924,5746.348,1.030915587
Census Tract 2515.01,"Census Tract 2515.01, Harris County, Texas",48201251501,140,0,48,201,22,,251501,4807,697.4836,6.891918418
Census Tract 2515.02,"Census Tract 2515.02, Harris County, Texas",48201251502,140,0,48,201,22,,251502,9419,4482.896,2.101096993
Census Tract 2515.03,"Census Tract 2515.03, Harris County, Texas",48201251503,140,0,48,201,22,,251503,2264,6318.542,0.35831054
Census Tract 2516,"Census Tract 2516, Harris County, Texas",48201251600,140,0,48,201,22,,251600,5750,256.869,22.38494696
Census Tract 2517,"Census Tract 2517, Harris County, Texas",48201251700,140,0,48,201,22,,251700,8069,292.318,27.60350087
Census Tract 2518,"Census Tract 2518, Harris County, Texas",48201251800,140,0,48,201,22,,251800,1847,132.1305,13.97860222
Census Tract 2519.01,"Census Tract 2519.01, Harris County, Texas",48201251901,140,0,48,201,22,,251901,9353,573.4667,16.30957672
Census Tract 2519.02,"Census Tract 2519.02, Harris County, Texas",48201251902,140,0,48,201,22,,251902,4778,750.5917,6.365644551
Census Tract 2520,"Census Tract 2520, Harris County, Texas",48201252000,140,0,48,201,22,,252000,11296,725.7031,15.5655949
Census Tract 2521,"Census Tract 2521, Harris County, Texas",48201252100,140,0,48,201,22,,252100,1720,192.0036,8.958166602
Census Tract 2522,"Census Tract 2522, Harris County, Texas",48201252200,140,0,48,201,22,,252200,7944,949.4255,8.367164636
Census Tract 2523.01,"Census Tract 2523.01, Harris County, Texas",48201252301,140,0,48,201,22,,252301,8862,8422.185,1.052221091
Census Tract 2523.02,"Census Tract 2523.02, Harris County, Texas",48201252302,140,0,48,201,22,,252302,11443,3858.432,2.965712196
Census Tract 2524,"Census Tract 2524, Harris County, Texas",48201252400,140,0,48,201,22,,252400,6976,3395.148,2.054696779
Census Tract 2525,"Census Tract 2525, Harris County, Texas",48201252500,140,0,48,201,22,,252500,4325,370.1508,11.68442634
Census Tract 2526,"Census Tract 2526, Harris County, Texas",48201252600,140,0,48,201,22,,252600,7552,589.7045,12.806413
Census Tract 2527,"Census Tract 2527, Harris County, Texas",48201252700,140,0,48,201,22,,252700,4163,229.3827,18.14871111
Census Tract 2528,"Census Tract 2528, Harris County, Texas",48201252800,140,0,48,201,22,,252800,5882,249.7173,23.55463114
Census Tract 2529,"Census Tract 2529, Harris County, Texas",48201252900,140,0,48,201,22,,252900,7768,1429.243,5.435046031
Census Tract 2530,"Census Tract 2530, Harris County, Texas",48201253000,140,0,48,201,22,,253000,3888,674.3862,5.765242156
Census Tract 2531,"Census Tract 2531, Harris County, Texas",48201253100,140,0,48,201,22,,253100,8439,757.3751,11.14243155
Census Tract 2532,"Census Tract 2532, Harris County, Texas",48201253200,140,0,48,201,22,,253200,9429,670.8015,14.05631995
Census Tract 2533,"Census Tract 2533, Harris County, Texas",48201253300,140,0,48,201,22,,253300,3428,1147.201,2.988141258
Census Tract 2534,"Census Tract 2534, Harris County, Texas",48201253400,140,0,48,201,22,,253400,724,146.0985,4.955560026
Census Tract 2535,"Census Tract 2535, Harris County, Texas",48201253500,140,0,48,201,22,,253500,8382,3714.844,2.256352925
Census Tract 2536,"Census Tract 2536, Harris County, Texas",48201253600,140,0,48,201,22,,253600,5002,2360.778,2.118792828
Census Tract 2537,"Census Tract 2537, Harris County, Texas",48201253700,140,0,48,201,22,,253700,5227,3351.185,1.559746609
Census Tract 2538,"Census Tract 2538, Harris County, Texas",48201253800,140,0,48,201,22,,253800,7717,2649.835,2.912256736
Census Tract 2539,"Census Tract 2539, Harris County, Texas",48201253900,140,0,48,201,22,,253900,4416,2596.717,1.700608651
Census Tract 2540,"Census Tract 2540, Harris County, Texas",48201254000,140,0,48,201,22,,254000,3594,3631.499,0.989674083
Census Tract 2541,"Census Tract 2541, Harris County, Texas",48201254100,140,0,48,201,22,,254100,5141,4159.644,1.235923101
Census Tract 2542,"Census Tract 2542, Harris County, Texas",48201254200,140,0,48,201,22,,254200,3052,6277.208,0.486203411
Census Tract 2543,"Census Tract 2543, Harris County, Texas",48201254300,140,0,48,201,22,,254300,4917,4182.714,1.175552551
Census Tract 2544,"Census Tract 2544, Harris County, Texas",48201254400,140,0,48,201,22,,254400,3253,3065.474,1.061173643
Census Tract 2545,"Census Tract 2545, Harris County, Texas",48201254500,140,0,48,201,22,,254500,2356,1239.393,1.900930815
Census Tract 2546,"Census Tract 2546, Harris County, Texas",48201254600,140,0,48,201,22,,254600,4067,2115.864,1.922145971
Census Tract 2547,"Census Tract 2547, Harris County, Texas",48201254700,140,0,48,201,22,,254700,2029,369.4809,5.491487991
Census Tract 3101,"Census Tract 3101, Harris County, Texas",48201310100,140,0,48,201,22,,310100,5884,4583.581,1.283712511
Census Tract 3102,"Census Tract 3102, Harris County, Texas",48201310200,140,0,48,201,22,,310200,1463,2027.815,0.721466277
Census Tract 3103,"Census Tract 3103, Harris County, Texas",48201310300,140,0,48,201,22,,310300,4774,5497.537,0.868388966
Census Tract 3104,"Census Tract 3104, Harris County, Texas",48201310400,140,0,48,201,22,,310400,4084,6191.153,0.659650933
Census Tract 3105,"Census Tract 3105, Harris County, Texas",48201310500,140,0,48,201,22,,310500,4856,4180.298,1.161639745
Census Tract 3106,"Census Tract 3106, Harris County, Texas",48201310600,140,0,48,201,22,,310600,6025,8787.313,0.685647578
Census Tract 3107,"Census Tract 3107, Harris County, Texas",48201310700,140,0,48,201,22,,310700,4167,5547.341,0.751170662
Census Tract 3108,"Census Tract 3108, Harris County, Texas",48201310800,140,0,48,201,22,,310800,2490,3394.992,0.733433128
Census Tract 3109,"Census Tract 3109, Harris County, Texas",48201310900,140,0,48,201,22,,310900,5770,8587.617,0.671897708
Census Tract 3110,"Census Tract 3110, Harris County, Texas",48201311000,140,0,48,201,22,,311000,7111,7924.979,0.897289486
Census Tract 3111,"Census Tract 3111, Harris County, Texas",48201311100,140,0,48,201,22,,311100,5886,6212.751,0.94740632
Census Tract 3112,"Census Tract 3112, Harris County, Texas",48201311200,140,0,48,201,22,,311200,4908,4308.567,1.139125741
Census Tract 3113,"Census Tract 3113, Harris County, Texas",48201311300,140,0,48,201,22,,311300,5242,9269.699,0.565498373
Census Tract 3114,"Census Tract 3114, Harris County, Texas",48201311400,140,0,48,201,22,,311400,1496,1654.629,0.904130444
Census Tract 3115,"Census Tract 3115, Harris County, Texas",48201311500,140,0,48,201,22,,311500,7611,8476.209,0.89792501
Census Tract 3116,"Census Tract 3116, Harris County, Texas",48201311600,140,0,48,201,22,,311600,4103,21634.51,0.189650686
Census Tract 3117,"Census Tract 3117, Harris County, Texas",48201311700,140,0,48,201,22,,311700,5593,5272.344,1.060818429
Census Tract 3118,"Census Tract 3118, Harris County, Texas",48201311800,140,0,48,201,22,,311800,4542,4802.262,0.945804382
Census Tract 3119,"Census Tract 3119, Harris County, Texas",48201311900,140,0,48,201,22,,311900,2448,3056.381,0.80094734
Census Tract 3120,"Census Tract 3120, Harris County, Texas",48201312000,140,0,48,201,22,,312000,4089,5756.677,0.710305608
Census Tract 3121,"Census Tract 3121, Harris County, Texas",48201312100,140,0,48,201,22,,312100,2725,5299.263,0.51422246
Census Tract 3122,"Census Tract 3122, Harris County, Texas",48201312200,140,0,48,201,22,,312200,2058,4903.457,0.419703875
Census Tract 3123,"Census Tract 3123, Harris County, Texas",48201312300,140,0,48,201,22,,312300,1962,3600.624,0.544905613
Census Tract 3124,"Census Tract 3124, Harris County, Texas",48201312400,140,0,48,201,22,,312400,2208,5281.282,0.418080315
Census Tract 3125,"Census Tract 3125, Harris County, Texas",48201312500,140,0,48,201,22,,312500,4235,6124.914,0.691438339
Census Tract 3126,"Census Tract 3126, Harris County, Texas",48201312600,140,0,48,201,22,,312600,5871,7035.419,0.834491897
Census Tract 3127,"Census Tract 3127, Harris County, Texas",48201312700,140,0,48,201,22,,312700,1955,6279.339,0.311338508
Census Tract 3128,"Census Tract 3128, Harris County, Texas",48201312800,140,0,48,201,22,,312800,2332,6460.661,0.360953796
Census Tract 3129,"Census Tract 3129, Harris County, Texas",48201312900,140,0,48,201,22,,312900,3941,7171.07,0.549569342
Census Tract 3130,"Census Tract 3130, Harris County, Texas",48201313000,140,0,48,201,22,,313000,2349,5542.32,0.423829763
Census Tract 3131,"Census Tract 3131, Harris County, Texas",48201313100,140,0,48,201,22,,313100,3356,2235.205,1.501428578
Census Tract 3132,"Census Tract 3132, Harris County, Texas",48201313200,140,0,48,201,22,,313200,3798,3221.115,1.179094652
Census Tract 3133,"Census Tract 3133, Harris County, Texas",48201313300,140,0,48,201,22,,313300,2654,3028.292,0.876401744
Census Tract 3134,"Census Tract 3134, Harris County, Texas",48201313400,140,0,48,201,22,,313400,2935,4091.093,0.717412204
Census Tract 3135,"Census Tract 3135, Harris County, Texas",48201313500,140,0,48,201,22,,313500,2501,3979.875,0.628411792
Census Tract 3136,"Census Tract 3136, Harris County, Texas",48201313600,140,0,48,201,22,,313600,4831,5402.266,0.894254336
Census Tract 3137,"Census Tract 3137, Harris County, Texas",48201313700,140,0,48,201,22,,313700,2457,4808.451,0.51097534
Census Tract 3138,"Census Tract 3138, Harris County, Texas",48201313800,140,0,48,201,22,,313800,4774,5618.09,0.849754902
Census Tract 3139,"Census Tract 3139, Harris County, Texas",48201313900,140,0,48,201,22,,313900,4495,4196.185,1.071211141
Census Tract 3140.01,"Census Tract 3140.01, Harris County, Texas",48201314001,140,0,48,201,22,,314001,2759,5060.501,0.545202912
Census Tract 3140.02,"Census Tract 3140.02, Harris County, Texas",48201314002,140,0,48,201,22,,314002,7544,10608.6,0.711121055
Census Tract 3143,"Census Tract 3143, Harris County, Texas",48201314300,140,0,48,201,22,,314300,3962,6762.286,0.585896537
Census Tract 3144,"Census Tract 3144, Harris County, Texas",48201314400,140,0,48,201,22,,314400,3093,3362.731,0.919788045
Census Tract 3201,"Census Tract 3201, Harris County, Texas",48201320100,140,0,48,201,22,,320100,2876,7570.271,0.379907166
Census Tract 3202,"Census Tract 3202, Harris County, Texas",48201320200,140,0,48,201,22,,320200,6662,4325.995,1.539992463
Census Tract 3205,"Census Tract 3205, Harris County, Texas",48201320500,140,0,48,201,22,,320500,4618,2161.042,2.136932295
Census Tract 3206.01,"Census Tract 3206.01, Harris County, Texas",48201320601,140,0,48,201,22,,320601,2638,5015.683,0.525950313
Census Tract 3206.02,"Census Tract 3206.02, Harris County, Texas",48201320602,140,0,48,201,22,,320602,4537,7762.523,0.584474909
Census Tract 3207,"Census Tract 3207, Harris County, Texas",48201320700,140,0,48,201,22,,320700,3849,2894.024,1.329981838
Census Tract 3208,"Census Tract 3208, Harris County, Texas",48201320800,140,0,48,201,22,,320800,5367,4754.917,1.128726465
Census Tract 3209,"Census Tract 3209, Harris County, Texas",48201320900,140,0,48,201,22,,320900,7394,8269.13,0.894169008
Census Tract 3210,"Census Tract 3210, Harris County, Texas",48201321000,140,0,48,201,22,,321000,7508,4906.919,1.530084309
Census Tract 3211,"Census Tract 3211, Harris County, Texas",48201321100,140,0,48,201,22,,321100,7397,3460.857,2.13733191
Census Tract 3212,"Census Tract 3212, Harris County, Texas",48201321200,140,0,48,201,22,,321200,4284,3747.153,1.143267845
Census Tract 3213,"Census Tract 3213, Harris County, Texas",48201321300,140,0,48,201,22,,321300,5546,9214.976,0.601846418
Census Tract 3214.01,"Census Tract 3214.01, Harris County, Texas",48201321401,140,0,48,201,22,,321401,4383,5497.467,0.797276281
Census Tract 3214.02,"Census Tract 3214.02, Harris County, Texas",48201321402,140,0,48,201,22,,321402,4248,5569.861,0.762676121
Census Tract 3215,"Census Tract 3215, Harris County, Texas",48201321500,140,0,48,201,22,,321500,2985,8212.42,0.363473885
Census Tract 3216,"Census Tract 3216, Harris County, Texas",48201321600,140,0,48,201,22,,321600,6785,6085.068,1.115024471
Census Tract 3217,"Census Tract 3217, Harris County, Texas",48201321700,140,0,48,201,22,,321700,3049,4088.708,0.745712335
Census Tract 3218,"Census Tract 3218, Harris County, Texas",48201321800,140,0,48,201,22,,321800,4108,8153.542,0.503830134
Census Tract 3219,"Census Tract 3219, Harris County, Texas",48201321900,140,0,48,201,22,,321900,5855,6142.875,0.953136849
Census Tract 3220,"Census Tract 3220, Harris County, Texas",48201322000,140,0,48,201,22,,322000,4258,15788.27,0.269693914
Census Tract 3221,"Census Tract 3221, Harris County, Texas",48201322100,140,0,48,201,22,,322100,4101,4884.853,0.839534006
Census Tract 3222,"Census Tract 3222, Harris County, Texas",48201322200,140,0,48,201,22,,322200,1688,4626.574,0.364848795
Census Tract 3226,"Census Tract 3226, Harris County, Texas",48201322600,140,0,48,201,22,,322600,5329,5507.625,0.967567803
Census Tract 3227,"Census Tract 3227, Harris County, Texas",48201322700,140,0,48,201,22,,322700,7400,9264.157,0.798777446
Census Tract 3228,"Census Tract 3228, Harris County, Texas",48201322800,140,0,48,201,22,,322800,6414,5339.934,1.201138384
Census Tract 3229,"Census Tract 3229, Harris County, Texas",48201322900,140,0,48,201,22,,322900,4186,6524.366,0.641594865
Census Tract 3230,"Census Tract 3230, Harris County, Texas",48201323000,140,0,48,201,22,,323000,6318,11694.59,0.540249993
Census Tract 3231,"Census Tract 3231, Harris County, Texas",48201323100,140,0,48,201,22,,323100,3333,4199.4,0.793684758
Census Tract 3232,"Census Tract 3232, Harris County, Texas",48201323200,140,0,48,201,22,,323200,5612,6900.28,0.813300293
Census Tract 3233,"Census Tract 3233, Harris County, Texas",48201323300,140,0,48,201,22,,323300,3510,6937.489,0.505946746
Census Tract 3234,"Census Tract 3234, Harris County, Texas",48201323400,140,0,48,201,22,,323400,7431,9672.624,0.768250664
Census Tract 3235,"Census Tract 3235, Harris County, Texas",48201323500,140,0,48,201,22,,323500,5377,5212.404,1.031577752
Census Tract 3236,"Census Tract 3236, Harris County, Texas",48201323600,140,0,48,201,22,,323600,8378,4349.054,1.926395798
Census Tract 3237.01,"Census Tract 3237.01, Harris County, Texas",48201323701,140,0,48,201,22,,323701,4158,4659.534,0.89236398
Census Tract 3237.02,"Census Tract 3237.02, Harris County, Texas",48201323702,140,0,48,201,22,,323702,3219,7870.334,0.409004212
Census Tract 3238.01,"Census Tract 3238.01, Harris County, Texas",48201323801,140,0,48,201,22,,323801,3896,7554.937,0.515689262
Census Tract 3238.02,"Census Tract 3238.02, Harris County, Texas",48201323802,140,0,48,201,22,,323802,4844,5200.87,0.931382694
Census Tract 3239,"Census Tract 3239, Harris County, Texas",48201323900,140,0,48,201,22,,323900,3875,3517.512,1.101630973
Census Tract 3240,"Census Tract 3240, Harris County, Texas",48201324000,140,0,48,201,22,,324000,5561,1804.358,3.081982233
Census Tract 3241,"Census Tract 3241, Harris County, Texas",48201324100,140,0,48,201,22,,324100,5540,765.5948,7.236204183
Census Tract 3242,"Census Tract 3242, Harris County, Texas",48201324200,140,0,48,201,22,,324200,1647,659.707,2.496562918
Census Tract 3301,"Census Tract 3301, Harris County, Texas",48201330100,140,0,48,201,22,,330100,8313,8371.204,0.993047072
Census Tract 3302,"Census Tract 3302, Harris County, Texas",48201330200,140,0,48,201,22,,330200,4243,2484.432,1.70783494
Census Tract 3303.01,"Census Tract 3303.01, Harris County, Texas",48201330301,140,0,48,201,22,,330301,7169,5773.109,1.241791854
Census Tract 3303.02,"Census Tract 3303.02, Harris County, Texas",48201330302,140,0,48,201,22,,330302,5527,2317.419,2.384980934
Census Tract 3303.03,"Census Tract 3303.03, Harris County, Texas",48201330303,140,0,48,201,22,,330303,4061,2013.249,2.017137531
Census Tract 3304,"Census Tract 3304, Harris County, Texas",48201330400,140,0,48,201,22,,330400,4663,2776.522,1.679439055
Census Tract 3305,"Census Tract 3305, Harris County, Texas",48201330500,140,0,48,201,22,,330500,4121,3937.969,1.046478594
Census Tract 3306,"Census Tract 3306, Harris County, Texas",48201330600,140,0,48,201,22,,330600,6424,4512.629,1.423560264
Census Tract 3307,"Census Tract 3307, Harris County, Texas",48201330700,140,0,48,201,22,,330700,7796,3242.361,2.404420793
Census Tract 3308,"Census Tract 3308, Harris County, Texas",48201330800,140,0,48,201,22,,330800,8571,713.0378,12.02040009
Census Tract 3309,"Census Tract 3309, Harris County, Texas",48201330900,140,0,48,201,22,,330900,7886,2060.9,3.826483366
Census Tract 3311,"Census Tract 3311, Harris County, Texas",48201331100,140,0,48,201,22,,331100,3843,3081.604,1.247077979
Census Tract 3312,"Census Tract 3312, Harris County, Texas",48201331200,140,0,48,201,22,,331200,3473,2536.583,1.369164645
Census Tract 3313,"Census Tract 3313, Harris County, Texas",48201331300,140,0,48,201,22,,331300,4647,2657.517,1.748624704
Census Tract 3314,"Census Tract 3314, Harris County, Texas",48201331400,140,0,48,201,22,,331400,2520,4163.795,0.60521709
Census Tract 3315,"Census Tract 3315, Harris County, Texas",48201331500,140,0,48,201,22,,331500,7145,1993.861,3.583499229
Census Tract 3316.01,"Census Tract 3316.01, Harris County, Texas",48201331601,140,0,48,201,22,,331601,6458,5434.7,1.188290062
Census Tract 3316.02,"Census Tract 3316.02, Harris County, Texas",48201331602,140,0,48,201,22,,331602,2340,1013.326,2.309227688
Census Tract 3317,"Census Tract 3317, Harris County, Texas",48201331700,140,0,48,201,22,,331700,3971,2011.186,1.974456638
Census Tract 3318,"Census Tract 3318, Harris County, Texas",48201331800,140,0,48,201,22,,331800,3682,4129.778,0.891573243
Census Tract 3319,"Census Tract 3319, Harris County, Texas",48201331900,140,0,48,201,22,,331900,3364,5180.567,0.649349727
Census Tract 3320,"Census Tract 3320, Harris County, Texas",48201332000,140,0,48,201,22,,332000,5593,6556.499,0.853046809
Census Tract 3321,"Census Tract 3321, Harris County, Texas",48201332100,140,0,48,201,22,,332100,3037,7319.305,0.414930108
Census Tract 3322,"Census Tract 3322, Harris County, Texas",48201332200,140,0,48,201,22,,332200,4985,4545.061,1.096795043
Census Tract 3323,"Census Tract 3323, Harris County, Texas",48201332300,140,0,48,201,22,,332300,2918,6444.586,0.452783179
Census Tract 3324,"Census Tract 3324, Harris County, Texas",48201332400,140,0,48,201,22,,332400,4271,3033.109,1.408126215
Census Tract 3325,"Census Tract 3325, Harris County, Texas",48201332500,140,0,48,201,22,,332500,3257,4346.061,0.749414283
Census Tract 3326,"Census Tract 3326, Harris County, Texas",48201332600,140,0,48,201,22,,332600,6605,5172.307,1.276993175
Census Tract 3327,"Census Tract 3327, Harris County, Texas",48201332700,140,0,48,201,22,,332700,2728,2790.46,0.977616499
Census Tract 3328,"Census Tract 3328, Harris County, Texas",48201332800,140,0,48,201,22,,332800,4617,6129.491,0.753243644
Census Tract 3329,"Census Tract 3329, Harris County, Texas",48201332900,140,0,48,201,22,,332900,5049,7080.785,0.713056586
Census Tract 3330,"Census Tract 3330, Harris County, Texas",48201333000,140,0,48,201,22,,333000,3315,5704.38,0.581132422
Census Tract 3331,"Census Tract 3331, Harris County, Texas",48201333100,140,0,48,201,22,,333100,3663,7906.011,0.463318363
Census Tract 3332.01,"Census Tract 3332.01, Harris County, Texas",48201333201,140,0,48,201,22,,333201,4998,11311.55,0.441849151
Census Tract 3332.02,"Census Tract 3332.02, Harris County, Texas",48201333202,140,0,48,201,22,,333202,5674,6566.483,0.864085085
Census Tract 3333,"Census Tract 3333, Harris County, Texas",48201333300,140,0,48,201,22,,333300,9372,3521.123,2.661650942
Census Tract 3335,"Census Tract 3335, Harris County, Texas",48201333500,140,0,48,201,22,,333500,6433,8806.605,0.730474427
Census Tract 3336,"Census Tract 3336, Harris County, Texas",48201333600,140,0,48,201,22,,333600,3156,2270.359,1.390088294
Census Tract 3337,"Census Tract 3337, Harris County, Texas",48201333700,140,0,48,201,22,,333700,3156,913.085,3.45641447
Census Tract 3338,"Census Tract 3338, Harris County, Texas",48201333800,140,0,48,201,22,,333800,9228,2780.889,3.318363251
Census Tract 3339.01,"Census Tract 3339.01, Harris County, Texas",48201333901,140,0,48,201,22,,333901,8311,4432.605,1.874969691
Census Tract 3339.02,"Census Tract 3339.02, Harris County, Texas",48201333902,140,0,48,201,22,,333902,8217,5351.489,1.535460396
Census Tract 3340.01,"Census Tract 3340.01, Harris County, Texas",48201334001,140,0,48,201,22,,334001,3178,6171.368,0.514958757
Census Tract 3340.02,"Census Tract 3340.02, Harris County, Texas",48201334002,140,0,48,201,22,,334002,2089,4040.754,0.516982704
Census Tract 3340.03,"Census Tract 3340.03, Harris County, Texas",48201334003,140,0,48,201,22,,334003,5976,5601.636,1.066831198
Census Tract 3341,"Census Tract 3341, Harris County, Texas",48201334100,140,0,48,201,22,,334100,9914,936.5229,10.58596565
Census Tract 3401,"Census Tract 3401, Harris County, Texas",48201340100,140,0,48,201,22,,340100,4618,1418.552,3.255432458
Census Tract 3402.01,"Census Tract 3402.01, Harris County, Texas",48201340201,140,0,48,201,22,,340201,1653,242.6578,6.812060905
Census Tract 3402.02,"Census Tract 3402.02, Harris County, Texas",48201340202,140,0,48,201,22,,340202,4577,1343.042,3.407936253
Census Tract 3402.03,"Census Tract 3402.03, Harris County, Texas",48201340203,140,0,48,201,22,,340203,4035,937.9498,4.301935762
Census Tract 3403.01,"Census Tract 3403.01, Harris County, Texas",48201340301,140,0,48,201,22,,340301,4278,3112.245,1.374570461
Census Tract 3403.02,"Census Tract 3403.02, Harris County, Texas",48201340302,140,0,48,201,22,,340302,6814,5176.864,1.316240847
Census Tract 3404,"Census Tract 3404, Harris County, Texas",48201340400,140,0,48,201,22,,340400,1358,2216.811,0.612591641
Census Tract 3405,"Census Tract 3405, Harris County, Texas",48201340500,140,0,48,201,22,,340500,6367,5874.635,1.083811971
Census Tract 3406,"Census Tract 3406, Harris County, Texas",48201340600,140,0,48,201,22,,340600,2511,4001.161,0.627567773
Census Tract 3407,"Census Tract 3407, Harris County, Texas",48201340700,140,0,48,201,22,,340700,7167,5804.46,1.234740084
Census Tract 3408,"Census Tract 3408, Harris County, Texas",48201340800,140,0,48,201,22,,340800,5734,5146.682,1.114115973
Census Tract 3409,"Census Tract 3409, Harris County, Texas",48201340900,140,0,48,201,22,,340900,4216,2749.025,1.533634905
Census Tract 3410,"Census Tract 3410, Harris County, Texas",48201341000,140,0,48,201,22,,341000,6799,5820.817,1.168049041
Census Tract 3411,"Census Tract 3411, Harris County, Texas",48201341100,140,0,48,201,22,,341100,3832,2145.334,1.786202098
Census Tract 3412.01,"Census Tract 3412.01, Harris County, Texas",48201341201,140,0,48,201,22,,341201,3974,1283.762,3.09558886
Census Tract 3412.02,"Census Tract 3412.02, Harris County, Texas",48201341202,140,0,48,201,22,,341202,4833,3637.666,1.328599206
Census Tract 3413.01,"Census Tract 3413.01, Harris County, Texas",48201341301,140,0,48,201,22,,341301,4864,1087.241,4.4737076
Census Tract 3413.02,"Census Tract 3413.02, Harris County, Texas",48201341302,140,0,48,201,22,,341302,3133,4104.666,0.763277668
Census Tract 3414,"Census Tract 3414, Harris County, Texas",48201341400,140,0,48,201,22,,341400,5156,994.8777,5.182546406
Census Tract 3415.01,"Census Tract 3415.01, Harris County, Texas",48201341501,140,0,48,201,22,,341501,6449,4429.41,1.455949989
Census Tract 3415.02,"Census Tract 3415.02, Harris County, Texas",48201341502,140,0,48,201,22,,341502,3902,3398.745,1.148070956
Census Tract 3416,"Census Tract 3416, Harris County, Texas",48201341600,140,0,48,201,22,,341600,5463,744.0897,7.34185641
Census Tract 3417,"Census Tract 3417, Harris County, Texas",48201341700,140,0,48,201,22,,341700,2455,2413.652,1.017130967
Census Tract 3418,"Census Tract 3418, Harris County, Texas",48201341800,140,0,48,201,22,,341800,1843,1088.561,1.693061126
Census Tract 3420.01,"Census Tract 3420.01, Harris County, Texas",48201342001,140,0,48,201,22,,342001,6843,3430.124,1.994971405
Census Tract 3420.02,"Census Tract 3420.02, Harris County, Texas",48201342002,140,0,48,201,22,,342002,3413,2426.336,1.406647444
Census Tract 3421,"Census Tract 3421, Harris County, Texas",48201342100,140,0,48,201,22,,342100,4384,2538.886,1.726741591
Census Tract 3422,"Census Tract 3422, Harris County, Texas",48201342200,140,0,48,201,22,,342200,4217,3824.852,1.102526344
Census Tract 3423,"Census Tract 3423, Harris County, Texas",48201342300,140,0,48,201,22,,342300,6442,5968.461,1.079340136
Census Tract 3424,"Census Tract 3424, Harris County, Texas",48201342400,140,0,48,201,22,,342400,3104,2439.674,1.272301262
Census Tract 3425,"Census Tract 3425, Harris County, Texas",48201342500,140,0,48,201,22,,342500,6260,2531,2.473330378
Census Tract 3427,"Census Tract 3427, Harris County, Texas",48201342700,140,0,48,201,22,,342700,5054,3786.532,1.334730508
Census Tract 3428,"Census Tract 3428, Harris County, Texas",48201342800,140,0,48,201,22,,342800,8854,3080.104,2.874577797
Census Tract 3429,"Census Tract 3429, Harris County, Texas",48201342900,140,0,48,201,22,,342900,5437,2368.938,2.295121445
Census Tract 3430,"Census Tract 3430, Harris County, Texas",48201343000,140,0,48,201,22,,343000,7423,3348.231,2.216991739
Census Tract 3431,"Census Tract 3431, Harris County, Texas",48201343100,140,0,48,201,22,,343100,4629,5971.409,0.775193939
Census Tract 3432,"Census Tract 3432, Harris County, Texas",48201343200,140,0,48,201,22,,343200,4944,2801.514,1.764759914
Census Tract 3433.01,"Census Tract 3433.01, Harris County, Texas",48201343301,140,0,48,201,22,,343301,4452,1001.187,4.446722147
Census Tract 3433.02,"Census Tract 3433.02, Harris County, Texas",48201343302,140,0,48,201,22,,343302,4763,2732.711,1.742957496
Census Tract 3436,"Census Tract 3436, Harris County, Texas",48201343600,140,0,48,201,22,,343600,3317,158.8856,20.87665271
Census Tract 3437,"Census Tract 3437, Harris County, Texas",48201343700,140,0,48,201,22,,343700,2945,189.1832,15.56692155
Census Tract 3501,"Census Tract 3501, Harris County, Texas",48201350100,140,0,48,201,22,,350100,15280,2121.927,7.201001703
Census Tract 3502,"Census Tract 3502, Harris County, Texas",48201350200,140,0,48,201,22,,350200,8405,6143.856,1.368033365
Census Tract 3503,"Census Tract 3503, Harris County, Texas",48201350300,140,0,48,201,22,,350300,5904,6706.306,0.880365469
Census Tract 3504,"Census Tract 3504, Harris County, Texas",48201350400,140,0,48,201,22,,350400,6182,6070.847,1.018309351
Census Tract 3505,"Census Tract 3505, Harris County, Texas",48201350500,140,0,48,201,22,,350500,6848,3048.149,2.246609637
Census Tract 3506.01,"Census Tract 3506.01, Harris County, Texas",48201350601,140,0,48,201,22,,350601,4115,800.7727,5.138786357
Census Tract 3506.02,"Census Tract 3506.02, Harris County, Texas",48201350602,140,0,48,201,22,,350602,8714,7046.704,1.236606502
Census Tract 3507,"Census Tract 3507, Harris County, Texas",48201350700,140,0,48,201,22,,350700,2272,4105.553,0.553396772
Census Tract 3508.01,"Census Tract 3508.01, Harris County, Texas",48201350801,140,0,48,201,22,,350801,4855,6726.068,0.721818402
Census Tract 3508.02,"Census Tract 3508.02, Harris County, Texas",48201350802,140,0,48,201,22,,350802,7084,1246.164,5.684644485
Census Tract 4101,"Census Tract 4101, Harris County, Texas",48201410100,140,0,48,201,22,,410100,3793,8154.785,0.465125707
Census Tract 4102,"Census Tract 4102, Harris County, Texas",48201410200,140,0,48,201,22,,410200,4202,8484.965,0.495228935
Census Tract 4103,"Census Tract 4103, Harris County, Texas",48201410300,140,0,48,201,22,,410300,2621,6655.945,0.393783292
Census Tract 4104.01,"Census Tract 4104.01, Harris County, Texas",48201410401,140,0,48,201,22,,410401,3807,11216.85,0.339400028
Census Tract 4104.02,"Census Tract 4104.02, Harris County, Texas",48201410402,140,0,48,201,22,,410402,2556,9109.298,0.28059242
Census Tract 4105,"Census Tract 4105, Harris County, Texas",48201410500,140,0,48,201,22,,410500,4209,9906.363,0.424878416
Census Tract 4106,"Census Tract 4106, Harris County, Texas",48201410600,140,0,48,201,22,,410600,3206,8212.604,0.390375554
Census Tract 4107.01,"Census Tract 4107.01, Harris County, Texas",48201410701,140,0,48,201,22,,410701,3640,8705.625,0.41812047
Census Tract 4107.02,"Census Tract 4107.02, Harris County, Texas",48201410702,140,0,48,201,22,,410702,2622,7465.428,0.351219002
Census Tract 4108,"Census Tract 4108, Harris County, Texas",48201410800,140,0,48,201,22,,410800,3818,9602.002,0.397625394
Census Tract 4109,"Census Tract 4109, Harris County, Texas",48201410900,140,0,48,201,22,,410900,2684,9260.999,0.289817559
Census Tract 4110,"Census Tract 4110, Harris County, Texas",48201411000,140,0,48,201,22,,411000,4162,7416.477,0.561182909
Census Tract 4111,"Census Tract 4111, Harris County, Texas",48201411100,140,0,48,201,22,,411100,3450,6641.691,0.519446036
Census Tract 4112,"Census Tract 4112, Harris County, Texas",48201411200,140,0,48,201,22,,411200,1803,1372.391,1.313765933
Census Tract 4113,"Census Tract 4113, Harris County, Texas",48201411300,140,0,48,201,22,,411300,3383,6160.486,0.549145015
Census Tract 4114,"Census Tract 4114, Harris County, Texas",48201411400,140,0,48,201,22,,411400,2775,4152.588,0.668257922
Census Tract 4115.01,"Census Tract 4115.01, Harris County, Texas",48201411501,140,0,48,201,22,,411501,5233,8873.567,0.589728987
Census Tract 4115.02,"Census Tract 4115.02, Harris County, Texas",48201411502,140,0,48,201,22,,411502,3916,5531.398,0.707958492
Census Tract 4116,"Census Tract 4116, Harris County, Texas",48201411600,140,0,48,201,22,,411600,2307,4374.973,0.527317501
Census Tract 4117,"Census Tract 4117, Harris County, Texas",48201411700,140,0,48,201,22,,411700,2774,5941.45,0.466889422
Census Tract 4118,"Census Tract 4118, Harris County, Texas",48201411800,140,0,48,201,22,,411800,4835,5822.855,0.830348635
Census Tract 4119,"Census Tract 4119, Harris County, Texas",48201411900,140,0,48,201,22,,411900,3681,5302.388,0.694215572
Census Tract 4120,"Census Tract 4120, Harris County, Texas",48201412000,140,0,48,201,22,,412000,2892,5008.372,0.577433177
Census Tract 4121,"Census Tract 4121, Harris County, Texas",48201412100,140,0,48,201,22,,412100,2328,4954.858,0.469841945
Census Tract 4122,"Census Tract 4122, Harris County, Texas",48201412200,140,0,48,201,22,,412200,5355,5788.269,0.925147144
Census Tract 4123,"Census Tract 4123, Harris County, Texas",48201412300,140,0,48,201,22,,412300,6527,7099.851,0.91931507
Census Tract 4124,"Census Tract 4124, Harris County, Texas",48201412400,140,0,48,201,22,,412400,4541,6965.813,0.651898001
Census Tract 4125,"Census Tract 4125, Harris County, Texas",48201412500,140,0,48,201,22,,412500,1715,6919.837,0.247838214
Census Tract 4126,"Census Tract 4126, Harris County, Texas",48201412600,140,0,48,201,22,,412600,3737,7989.079,0.467763557
Census Tract 4127,"Census Tract 4127, Harris County, Texas",48201412700,140,0,48,201,22,,412700,3262,4102.935,0.795040749
Census Tract 4128,"Census Tract 4128, Harris County, Texas",48201412800,140,0,48,201,22,,412800,4930,6227.424,0.791659652
Census Tract 4129,"Census Tract 4129, Harris County, Texas",48201412900,140,0,48,201,22,,412900,3892,4960.745,0.78455962
Census Tract 4130,"Census Tract 4130, Harris County, Texas",48201413000,140,0,48,201,22,,413000,3460,5578.229,0.620268511
Census Tract 4131,"Census Tract 4131, Harris County, Texas",48201413100,140,0,48,201,22,,413100,3087,5603.324,0.550923016
Census Tract 4132.01,"Census Tract 4132.01, Harris County, Texas",48201413201,140,0,48,201,22,,413201,2626,14587.35,0.180018981
Census Tract 4132.02,"Census Tract 4132.02, Harris County, Texas",48201413202,140,0,48,201,22,,413202,2878,13232.83,0.217489425
Census Tract 4133,"Census Tract 4133, Harris County, Texas",48201413300,140,0,48,201,22,,413300,6897,5605.32,1.230438133
Census Tract 4201,"Census Tract 4201, Harris County, Texas",48201420100,140,0,48,201,22,,420100,3062,6876.07,0.445312488
Census Tract 4202,"Census Tract 4202, Harris County, Texas",48201420200,140,0,48,201,22,,420200,2547,4030.759,0.631890959
Census Tract 4203,"Census Tract 4203, Harris County, Texas",48201420300,140,0,48,201,22,,420300,3411,3697.457,0.922525896
Census Tract 4204,"Census Tract 4204, Harris County, Texas",48201420400,140,0,48,201,22,,420400,3393,3569.808,0.950471199
Census Tract 4205,"Census Tract 4205, Harris County, Texas",48201420500,140,0,48,201,22,,420500,4041,4550.582,0.8880184
Census Tract 4206,"Census Tract 4206, Harris County, Texas",48201420600,140,0,48,201,22,,420600,2232,4796.537,0.465335747
Census Tract 4207,"Census Tract 4207, Harris County, Texas",48201420700,140,0,48,201,22,,420700,3139,3571.824,0.878822605
Census Tract 4208,"Census Tract 4208, Harris County, Texas",48201420800,140,0,48,201,22,,420800,2512,3134.72,0.801347342
Census Tract 4209,"Census Tract 4209, Harris County, Texas",48201420900,140,0,48,201,22,,420900,6231,4610.138,1.351586571
Census Tract 4210,"Census Tract 4210, Harris County, Texas",48201421000,140,0,48,201,22,,421000,2497,3467.606,0.720093298
Census Tract 4211.01,"Census Tract 4211.01, Harris County, Texas",48201421101,140,0,48,201,22,,421101,3729,7731.716,0.482299146
Census Tract 4211.02,"Census Tract 4211.02, Harris County, Texas",48201421102,140,0,48,201,22,,421102,5544,17115.29,0.323920806
Census Tract 4212.01,"Census Tract 4212.01, Harris County, Texas",48201421201,140,0,48,201,22,,421201,4399,24997,0.175981124
Census Tract 4212.02,"Census Tract 4212.02, Harris County, Texas",48201421202,140,0,48,201,22,,421202,4145,19048.02,0.217607958
Census Tract 4213,"Census Tract 4213, Harris County, Texas",48201421300,140,0,48,201,22,,421300,6635,11576.19,0.573159412
Census Tract 4214.01,"Census Tract 4214.01, Harris County, Texas",48201421401,140,0,48,201,22,,421401,3626,32879.93,0.110280048
Census Tract 4214.02,"Census Tract 4214.02, Harris County, Texas",48201421402,140,0,48,201,22,,421402,3440,55254.79,0.062257045
Census Tract 4214.03,"Census Tract 4214.03, Harris County, Texas",48201421403,140,0,48,201,22,,421403,4363,17276.43,0.252540552
Census Tract 4215,"Census Tract 4215, Harris County, Texas",48201421500,140,0,48,201,22,,421500,6484,11004.15,0.58923246
Census Tract 4216,"Census Tract 4216, Harris County, Texas",48201421600,140,0,48,201,22,,421600,7014,12469.1,0.562510328
Census Tract 4217,"Census Tract 4217, Harris County, Texas",48201421700,140,0,48,201,22,,421700,4560,6273.802,0.726831939
Census Tract 4218,"Census Tract 4218, Harris County, Texas",48201421800,140,0,48,201,22,,421800,5005,11079.68,0.451727962
Census Tract 4219,"Census Tract 4219, Harris County, Texas",48201421900,140,0,48,201,22,,421900,2690,4191.353,0.641797568
Census Tract 4220,"Census Tract 4220, Harris County, Texas",48201422000,140,0,48,201,22,,422000,2539,4496.731,0.564632346
Census Tract 4221,"Census Tract 4221, Harris County, Texas",48201422100,140,0,48,201,22,,422100,5289,5754.281,0.91914171
Census Tract 4222,"Census Tract 4222, Harris County, Texas",48201422200,140,0,48,201,22,,422200,4421,6517.23,0.678355653
Census Tract 4223.01,"Census Tract 4223.01, Harris County, Texas",48201422301,140,0,48,201,22,,422301,7108,20322,0.349768802
Census Tract 4223.02,"Census Tract 4223.02, Harris County, Texas",48201422302,140,0,48,201,22,,422302,2350,8765.118,0.268108192
Census Tract 4224.01,"Census Tract 4224.01, Harris County, Texas",48201422401,140,0,48,201,22,,422401,3910,12213.42,0.320139707
Census Tract 4224.02,"Census Tract 4224.02, Harris County, Texas",48201422402,140,0,48,201,22,,422402,6074,11555.47,0.525638343
Census Tract 4225,"Census Tract 4225, Harris County, Texas",48201422500,140,0,48,201,22,,422500,5647,7922.499,0.712780136
Census Tract 4226,"Census Tract 4226, Harris County, Texas",48201422600,140,0,48,201,22,,422600,6380,7292.872,0.874826833
Census Tract 4227.01,"Census Tract 4227.01, Harris County, Texas",48201422701,140,0,48,201,22,,422701,5083,7164.081,0.709511782
Census Tract 4227.02,"Census Tract 4227.02, Harris County, Texas",48201422702,140,0,48,201,22,,422702,3347,6740.266,0.496567938
Census Tract 4228,"Census Tract 4228, Harris County, Texas",48201422800,140,0,48,201,22,,422800,4916,5534.172,0.888299096
Census Tract 4229,"Census Tract 4229, Harris County, Texas",48201422900,140,0,48,201,22,,422900,5027,8059.623,0.623726442
Census Tract 4230,"Census Tract 4230, Harris County, Texas",48201423000,140,0,48,201,22,,423000,4695,6814.631,0.688958791
Census Tract 4231,"Census Tract 4231, Harris County, Texas",48201423100,140,0,48,201,22,,423100,3161,5017.603,0.629982069
Census Tract 4232.01,"Census Tract 4232.01, Harris County, Texas",48201423201,140,0,48,201,22,,423201,3233,4317.777,0.748764859
Census Tract 4232.02,"Census Tract 4232.02, Harris County, Texas",48201423202,140,0,48,201,22,,423202,6989,12445.92,0.561549706
Census Tract 4233.01,"Census Tract 4233.01, Harris County, Texas",48201423301,140,0,48,201,22,,423301,3701,5795.243,0.638627283
Census Tract 4233.02,"Census Tract 4233.02, Harris County, Texas",48201423302,140,0,48,201,22,,423302,5123,6487.066,0.789725281
Census Tract 4234.01,"Census Tract 4234.01, Harris County, Texas",48201423401,140,0,48,201,22,,423401,5153,5896.138,0.873961964
Census Tract 4234.02,"Census Tract 4234.02, Harris County, Texas",48201423402,140,0,48,201,22,,423402,4207,7102.703,0.592309694
Census Tract 4235,"Census Tract 4235, Harris County, Texas",48201423500,140,0,48,201,22,,423500,1927,4009.846,0.480567091
Census Tract 4236,"Census Tract 4236, Harris County, Texas",48201423600,140,0,48,201,22,,423600,6971,5477.067,1.272761495
Census Tract 4301,"Census Tract 4301, Harris County, Texas",48201430100,140,0,48,201,22,,430100,5749,3457.033,1.662986856
Census Tract 4302,"Census Tract 4302, Harris County, Texas",48201430200,140,0,48,201,22,,430200,1380,5045.951,0.273486595
Census Tract 4303,"Census Tract 4303, Harris County, Texas",48201430300,140,0,48,201,22,,430300,4367,2222.848,1.964596747
Census Tract 4304,"Census Tract 4304, Harris County, Texas",48201430400,140,0,48,201,22,,430400,3125,1466.715,2.13061103
Census Tract 4305,"Census Tract 4305, Harris County, Texas",48201430500,140,0,48,201,22,,430500,2557,2853.58,0.896067472
Census Tract 4306,"Census Tract 4306, Harris County, Texas",48201430600,140,0,48,201,22,,430600,3633,2510.095,1.447355741
Census Tract 4307,"Census Tract 4307, Harris County, Texas",48201430700,140,0,48,201,22,,430700,3284,4699.653,0.698775052
Census Tract 4308,"Census Tract 4308, Harris County, Texas",48201430800,140,0,48,201,22,,430800,4348,3401.386,1.278302448
Census Tract 4309,"Census Tract 4309, Harris County, Texas",48201430900,140,0,48,201,22,,430900,5770,5313.587,1.085895379
Census Tract 4310,"Census Tract 4310, Harris County, Texas",48201431000,140,0,48,201,22,,431000,5239,3250.744,1.611631019
Census Tract 4311.01,"Census Tract 4311.01, Harris County, Texas",48201431101,140,0,48,201,22,,431101,3303,10210.87,0.323478719
Census Tract 4311.02,"Census Tract 4311.02, Harris County, Texas",48201431102,140,0,48,201,22,,431102,3336,9125.494,0.365569261
Census Tract 4312.01,"Census Tract 4312.01, Harris County, Texas",48201431201,140,0,48,201,22,,431201,4058,15821.52,0.25648613
Census Tract 4312.02,"Census Tract 4312.02, Harris County, Texas",48201431202,140,0,48,201,22,,431202,4592,9055.502,0.507095014
Census Tract 4313.01,"Census Tract 4313.01, Harris County, Texas",48201431301,140,0,48,201,22,,431301,4516,15518.4,0.291009456
Census Tract 4313.02,"Census Tract 4313.02, Harris County, Texas",48201431302,140,0,48,201,22,,431302,3929,7667.132,0.512447162
Census Tract 4314.01,"Census Tract 4314.01, Harris County, Texas",48201431401,140,0,48,201,22,,431401,2339,16736.7,0.139752771
Census Tract 4314.02,"Census Tract 4314.02, Harris County, Texas",48201431402,140,0,48,201,22,,431402,3209,11592.56,0.276815568
Census Tract 4315.01,"Census Tract 4315.01, Harris County, Texas",48201431501,140,0,48,201,22,,431501,3711,9242.086,0.401532748
Census Tract 4315.02,"Census Tract 4315.02, Harris County, Texas",48201431502,140,0,48,201,22,,431502,3471,8084.12,0.42936029
Census Tract 4316,"Census Tract 4316, Harris County, Texas",48201431600,140,0,48,201,22,,431600,3352,2951.843,1.135561632
Census Tract 4317,"Census Tract 4317, Harris County, Texas",48201431700,140,0,48,201,22,,431700,4591,4020.686,1.141845059
Census Tract 4318.01,"Census Tract 4318.01, Harris County, Texas",48201431801,140,0,48,201,22,,431801,2967,6277.315,0.472654313
Census Tract 4318.02,"Census Tract 4318.02, Harris County, Texas",48201431802,140,0,48,201,22,,431802,3695,7023.295,0.526106299
Census Tract 4319,"Census Tract 4319, Harris County, Texas",48201431900,140,0,48,201,22,,431900,3786,7693.034,0.492133554
Census Tract 4320.01,"Census Tract 4320.01, Harris County, Texas",48201432001,140,0,48,201,22,,432001,3464,6226.832,0.556302191
Census Tract 4320.02,"Census Tract 4320.02, Harris County, Texas",48201432002,140,0,48,201,22,,432002,4734,17390.36,0.272219794
Census Tract 4321,"Census Tract 4321, Harris County, Texas",48201432100,140,0,48,201,22,,432100,5054,8162.845,0.619146884
Census Tract 4322,"Census Tract 4322, Harris County, Texas",48201432200,140,0,48,201,22,,432200,4043,6253.047,0.646564772
Census Tract 4323,"Census Tract 4323, Harris County, Texas",48201432300,140,0,48,201,22,,432300,6521,9639.804,0.676466069
Census Tract 4324,"Census Tract 4324, Harris County, Texas",48201432400,140,0,48,201,22,,432400,5548,7800.148,0.711268546
Census Tract 4325,"Census Tract 4325, Harris County, Texas",48201432500,140,0,48,201,22,,432500,5529,8507.509,0.649896447
Census Tract 4326,"Census Tract 4326, Harris County, Texas",48201432600,140,0,48,201,22,,432600,1888,2963.729,0.637035384
Census Tract 4327.01,"Census Tract 4327.01, Harris County, Texas",48201432701,140,0,48,201,22,,432701,6721,14943.24,0.449768493
Census Tract 4327.02,"Census Tract 4327.02, Harris County, Texas",48201432702,140,0,48,201,22,,432702,3384,7610.924,0.444624068
Census Tract 4328.01,"Census Tract 4328.01, Harris County, Texas",48201432801,140,0,48,201,22,,432801,4767,5547.817,0.859256877
Census Tract 4328.02,"Census Tract 4328.02, Harris County, Texas",48201432802,140,0,48,201,22,,432802,5616,11230.91,0.500048649
Census Tract 4329.01,"Census Tract 4329.01, Harris County, Texas",48201432901,140,0,48,201,22,,432901,3484,6261.414,0.556423814
Census Tract 4329.02,"Census Tract 4329.02, Harris County, Texas",48201432902,140,0,48,201,22,,432902,4476,7701.297,0.581200762
Census Tract 4330.01,"Census Tract 4330.01, Harris County, Texas",48201433001,140,0,48,201,22,,433001,5358,11198.86,0.478441599
Census Tract 4330.02,"Census Tract 4330.02, Harris County, Texas",48201433002,140,0,48,201,22,,433002,4859,19559.13,0.248426248
Census Tract 4330.03,"Census Tract 4330.03, Harris County, Texas",48201433003,140,0,48,201,22,,433003,4831,13525.52,0.357176558
Census Tract 4331,"Census Tract 4331, Harris County, Texas",48201433100,140,0,48,201,22,,433100,3748,11535.69,0.324904594
Census Tract 4332.01,"Census Tract 4332.01, Harris County, Texas",48201433201,140,0,48,201,22,,433201,5118,12091.1,0.423286517
Census Tract 4332.02,"Census Tract 4332.02, Harris County, Texas",48201433202,140,0,48,201,22,,433202,4336,9764.65,0.444050706
Census Tract 4333,"Census Tract 4333, Harris County, Texas",48201433300,140,0,48,201,22,,433300,5196,5556.228,0.935166881
Census Tract 4334,"Census Tract 4334, Harris County, Texas",48201433400,140,0,48,201,22,,433400,4406,7002.622,0.629192877
Census Tract 4335.01,"Census Tract 4335.01, Harris County, Texas",48201433501,140,0,48,201,22,,433501,6161,13012.44,0.473470147
Census Tract 4335.02,"Census Tract 4335.02, Harris County, Texas",48201433502,140,0,48,201,22,,433502,7116,22939.56,0.310206457
Census Tract 4336,"Census Tract 4336, Harris County, Texas",48201433600,140,0,48,201,22,,433600,5281,9535.936,0.553799863
Census Tract 4401,"Census Tract 4401, Harris County, Texas",48201440100,140,0,48,201,22,,440100,6751,3193.316,2.114103617
Census Tract 4501,"Census Tract 4501, Harris County, Texas",48201450100,140,0,48,201,22,,450100,1756,5567.173,0.31542038
Census Tract 4502,"Census Tract 4502, Harris County, Texas",48201450200,140,0,48,201,22,,450200,4872,4842.292,1.006135164
Census Tract 4503,"Census Tract 4503, Harris County, Texas",48201450300,140,0,48,201,22,,450300,7024,7237.818,0.970458164
Census Tract 4504,"Census Tract 4504, Harris County, Texas",48201450400,140,0,48,201,22,,450400,4503,6181.319,0.728485229
Census Tract 4505,"Census Tract 4505, Harris County, Texas",48201450500,140,0,48,201,22,,450500,2941,2709.423,1.085471052
Census Tract 4506,"Census Tract 4506, Harris County, Texas",48201450600,140,0,48,201,22,,450600,4310,6006.479,0.717558537
Census Tract 4507,"Census Tract 4507, Harris County, Texas",48201450700,140,0,48,201,22,,450700,6461,3823.503,1.68981169
Census Tract 4508.01,"Census Tract 4508.01, Harris County, Texas",48201450801,140,0,48,201,22,,450801,2170,6227.099,0.348476904
Census Tract 4508.02,"Census Tract 4508.02, Harris County, Texas",48201450802,140,0,48,201,22,,450802,5991,9037.646,0.662893805
Census Tract 4509,"Census Tract 4509, Harris County, Texas",48201450900,140,0,48,201,22,,450900,2434,3886.389,0.62628823
Census Tract 4510.01,"Census Tract 4510.01, Harris County, Texas",48201451001,140,0,48,201,22,,451001,4981,9785.156,0.509036335
Census Tract 4510.02,"Census Tract 4510.02, Harris County, Texas",48201451002,140,0,48,201,22,,451002,5109,22054.01,0.231658602
Census Tract 4511,"Census Tract 4511, Harris County, Texas",48201451100,140,0,48,201,22,,451100,3989,4324.682,0.922379949
Census Tract 4512,"Census Tract 4512, Harris County, Texas",48201451200,140,0,48,201,22,,451200,2675,4104.776,0.651679853
Census Tract 4513,"Census Tract 4513, Harris County, Texas",48201451300,140,0,48,201,22,,451300,6881,5780.518,1.190377716
Census Tract 4514.01,"Census Tract 4514.01, Harris County, Texas",48201451401,140,0,48,201,22,,451401,3330,7950.205,0.418857153
Census Tract 4514.02,"Census Tract 4514.02, Harris County, Texas",48201451402,140,0,48,201,22,,451402,4543,8648.44,0.525297028
Census Tract 4514.03,"Census Tract 4514.03, Harris County, Texas",48201451403,140,0,48,201,22,,451403,3504,7737.847,0.452839164
Census Tract 4515,"Census Tract 4515, Harris County, Texas",48201451500,140,0,48,201,22,,451500,5084,6640.325,0.765625169
Census Tract 4516.01,"Census Tract 4516.01, Harris County, Texas",48201451601,140,0,48,201,22,,451601,5886,4589.111,1.282601309
Census Tract 4516.02,"Census Tract 4516.02, Harris County, Texas",48201451602,140,0,48,201,22,,451602,7317,4444.22,1.646408014
Census Tract 4517,"Census Tract 4517, Harris County, Texas",48201451700,140,0,48,201,22,,451700,3407,5049.808,0.674679188
Census Tract 4518,"Census Tract 4518, Harris County, Texas",48201451800,140,0,48,201,22,,451800,4748,2596.455,1.828647469
Census Tract 4519.01,"Census Tract 4519.01, Harris County, Texas",48201451901,140,0,48,201,22,,451901,7411,9236.492,0.80236086
Census Tract 4519.02,"Census Tract 4519.02, Harris County, Texas",48201451902,140,0,48,201,22,,451902,2466,3095.147,0.796731105
Census Tract 4520,"Census Tract 4520, Harris County, Texas",48201452000,140,0,48,201,22,,452000,7136,9443.378,0.755661802
Census Tract 4521,"Census Tract 4521, Harris County, Texas",48201452100,140,0,48,201,22,,452100,8823,5040.384,1.750461778
Census Tract 4522.01,"Census Tract 4522.01, Harris County, Texas",48201452201,140,0,48,201,22,,452201,5215,9910.983,0.526183905
Census Tract 4522.02,"Census Tract 4522.02, Harris County, Texas",48201452202,140,0,48,201,22,,452202,2963,5029.983,0.589067594
Census Tract 4523,"Census Tract 4523, Harris County, Texas",48201452300,140,0,48,201,22,,452300,2323,3033.079,0.765888491
Census Tract 4524,"Census Tract 4524, Harris County, Texas",48201452400,140,0,48,201,22,,452400,8192,9530.291,0.859575025
Census Tract 4525,"Census Tract 4525, Harris County, Texas",48201452500,140,0,48,201,22,,452500,7794,6427.471,1.212607549
Census Tract 4526,"Census Tract 4526, Harris County, Texas",48201452600,140,0,48,201,22,,452600,7130,7011.202,1.016944094
Census Tract 4527,"Census Tract 4527, Harris County, Texas",48201452700,140,0,48,201,22,,452700,9901,5556.593,1.781847252
Census Tract 4528.01,"Census Tract 4528.01, Harris County, Texas",48201452801,140,0,48,201,22,,452801,5553,8981.928,0.618241474
Census Tract 4528.02,"Census Tract 4528.02, Harris County, Texas",48201452802,140,0,48,201,22,,452802,5949,11885,0.500547107
Census Tract 4529,"Census Tract 4529, Harris County, Texas",48201452900,140,0,48,201,22,,452900,4040,7960.13,0.507529379
Census Tract 4530,"Census Tract 4530, Harris County, Texas",48201453000,140,0,48,201,22,,453000,7857,7428.904,1.05762575
Census Tract 4531,"Census Tract 4531, Harris County, Texas",48201453100,140,0,48,201,22,,453100,3266,3820.285,0.854910139
Census Tract 4532,"Census Tract 4532, Harris County, Texas",48201453200,140,0,48,201,22,,453200,7947,11679.5,0.68042323
Census Tract 4533,"Census Tract 4533, Harris County, Texas",48201453300,140,0,48,201,22,,453300,2965,3718.568,0.797350026
Census Tract 4534.01,"Census Tract 4534.01, Harris County, Texas",48201453401,140,0,48,201,22,,453401,3125,8455.153,0.369597079
Census Tract 4534.02,"Census Tract 4534.02, Harris County, Texas",48201453402,140,0,48,201,22,,453402,8214,8838.628,0.929329788
Census Tract 4534.03,"Census Tract 4534.03, Harris County, Texas",48201453403,140,0,48,201,22,,453403,3133,11865.01,0.264053733
Census Tract 4535.01,"Census Tract 4535.01, Harris County, Texas",48201453501,140,0,48,201,22,,453501,6174,10629.42,0.580840915
Census Tract 4535.02,"Census Tract 4535.02, Harris County, Texas",48201453502,140,0,48,201,22,,453502,3685,7304.96,0.504451758
Census Tract 4536.01,"Census Tract 4536.01, Harris County, Texas",48201453601,140,0,48,201,22,,453601,2108,4559.731,0.462307933
Census Tract 4536.02,"Census Tract 4536.02, Harris County, Texas",48201453602,140,0,48,201,22,,453602,7699,7793.166,0.987916932
Census Tract 4537,"Census Tract 4537, Harris County, Texas",48201453700,140,0,48,201,22,,453700,8194,9093.572,0.90107599
Census Tract 4538,"Census Tract 4538, Harris County, Texas",48201453800,140,0,48,201,22,,453800,3342,4772.26,0.700297067
Census Tract 4539,"Census Tract 4539, Harris County, Texas",48201453900,140,0,48,201,22,,453900,10151,8065.847,1.258516256
Census Tract 4540,"Census Tract 4540, Harris County, Texas",48201454000,140,0,48,201,22,,454000,5041,6274.452,0.80341685
Census Tract 4541,"Census Tract 4541, Harris County, Texas",48201454100,140,0,48,201,22,,454100,3480,5208.235,0.668172594
Census Tract 4542,"Census Tract 4542, Harris County, Texas",48201454200,140,0,48,201,22,,454200,3966,7196.679,0.551087495
Census Tract 4543.01,"Census Tract 4543.01, Harris County, Texas",48201454301,140,0,48,201,22,,454301,10503,6878.905,1.526841823
Census Tract 4543.02,"Census Tract 4543.02, Harris County, Texas",48201454302,140,0,48,201,22,,454302,6490,6033.571,1.075648227
Census Tract 4544,"Census Tract 4544, Harris County, Texas",48201454400,140,0,48,201,22,,454400,282,22.35091,12.61693568
Census Tract 4545.01,"Census Tract 4545.01, Harris County, Texas",48201454501,140,0,48,201,22,,454501,8423,1915.311,4.397719217
Census Tract 4545.02,"Census Tract 4545.02, Harris County, Texas",48201454502,140,0,48,201,22,,454502,2553,879.7458,2.901974449
Census Tract 4546,"Census Tract 4546, Harris County, Texas",48201454600,140,0,48,201,22,,454600,4765,3739.236,1.274324437
Census Tract 4547,"Census Tract 4547, Harris County, Texas",48201454700,140,0,48,201,22,,454700,6762,5102.653,1.325193012
Census Tract 4548,"Census Tract 4548, Harris County, Texas",48201454800,140,0,48,201,22,,454800,7313,6454.28,1.133046562
Census Tract 4549,"Census Tract 4549, Harris County, Texas",48201454900,140,0,48,201,22,,454900,10460,5838.671,1.791503667
Census Tract 4550,"Census Tract 4550, Harris County, Texas",48201455000,140,0,48,201,22,,455000,2838,5635.144,0.503625113
Census Tract 4551.01,"Census Tract 4551.01, Harris County, Texas",48201455101,140,0,48,201,22,,455101,7051,6697.473,1.052785187
Census Tract 4551.02,"Census Tract 4551.02, Harris County, Texas",48201455102,140,0,48,201,22,,455102,3226,5308.519,0.60770243
Census Tract 4552,"Census Tract 4552, Harris County, Texas",48201455200,140,0,48,201,22,,455200,4472,4230.393,1.057112234
Census Tract 4553,"Census Tract 4553, Harris County, Texas",48201455300,140,0,48,201,22,,455300,3290,1553.795,2.117397069
Census Tract 5101,"Census Tract 5101, Harris County, Texas",48201510100,140,0,48,201,22,,510100,2142,3726.807,0.574754787
Census Tract 5102,"Census Tract 5102, Harris County, Texas",48201510200,140,0,48,201,22,,510200,5432,3979.887,1.364862694
Census Tract 5103,"Census Tract 5103, Harris County, Texas",48201510300,140,0,48,201,22,,510300,5284,5744.701,0.919804262
Census Tract 5104,"Census Tract 5104, Harris County, Texas",48201510400,140,0,48,201,22,,510400,3837,6721.104,0.570888359
Census Tract 5105,"Census Tract 5105, Harris County, Texas",48201510500,140,0,48,201,22,,510500,2849,4230.667,0.673416247
Census Tract 5106,"Census Tract 5106, Harris County, Texas",48201510600,140,0,48,201,22,,510600,4763,5918.877,0.804713381
Census Tract 5107,"Census Tract 5107, Harris County, Texas",48201510700,140,0,48,201,22,,510700,3511,8404.901,0.417732437
Census Tract 5108,"Census Tract 5108, Harris County, Texas",48201510800,140,0,48,201,22,,510800,6908,2033.665,3.396822302
Census Tract 5109,"Census Tract 5109, Harris County, Texas",48201510900,140,0,48,201,22,,510900,6070,2909.568,2.086220091
Census Tract 5110.01,"Census Tract 5110.01, Harris County, Texas",48201511001,140,0,48,201,22,,511001,2685,3088.294,0.869412136
Census Tract 5110.02,"Census Tract 5110.02, Harris County, Texas",48201511002,140,0,48,201,22,,511002,4261,5252.563,0.811223064
Census Tract 5111,"Census Tract 5111, Harris County, Texas",48201511100,140,0,48,201,22,,511100,2676,3685.106,0.726166299
Census Tract 5112,"Census Tract 5112, Harris County, Texas",48201511200,140,0,48,201,22,,511200,4424,5491.75,0.805572072
Census Tract 5113.01,"Census Tract 5113.01, Harris County, Texas",48201511301,140,0,48,201,22,,511301,3970,5687.741,0.697992423
Census Tract 5113.02,"Census Tract 5113.02, Harris County, Texas",48201511302,140,0,48,201,22,,511302,3631,5919.982,0.613346471
Census Tract 5114,"Census Tract 5114, Harris County, Texas",48201511400,140,0,48,201,22,,511400,3001,6781.552,0.442524058
Census Tract 5115,"Census Tract 5115, Harris County, Texas",48201511500,140,0,48,201,22,,511500,6472,5441.188,1.189446051
Census Tract 5116,"Census Tract 5116, Harris County, Texas",48201511600,140,0,48,201,22,,511600,4641,6165.87,0.752691904
Census Tract 5201,"Census Tract 5201, Harris County, Texas",48201520100,140,0,48,201,22,,520100,1597,1357.159,1.176723213
Census Tract 5202,"Census Tract 5202, Harris County, Texas",48201520200,140,0,48,201,22,,520200,3604,4874.648,0.739335472
Census Tract 5203,"Census Tract 5203, Harris County, Texas",48201520300,140,0,48,201,22,,520300,5126,8969.513,0.571491451
Census Tract 5204,"Census Tract 5204, Harris County, Texas",48201520400,140,0,48,201,22,,520400,3079,3907.991,0.787872762
Census Tract 5205,"Census Tract 5205, Harris County, Texas",48201520500,140,0,48,201,22,,520500,7869,2708.187,2.905634312
Census Tract 5206.01,"Census Tract 5206.01, Harris County, Texas",48201520601,140,0,48,201,22,,520601,2484,3274.331,0.758628225
Census Tract 5206.02,"Census Tract 5206.02, Harris County, Texas",48201520602,140,0,48,201,22,,520602,6272,12057.5,0.520174225
Census Tract 5207,"Census Tract 5207, Harris County, Texas",48201520700,140,0,48,201,22,,520700,3724,4904.804,0.759255641
Census Tract 5210,"Census Tract 5210, Harris County, Texas",48201521000,140,0,48,201,22,,521000,2103,4733.274,0.444301286
Census Tract 5211,"Census Tract 5211, Harris County, Texas",48201521100,140,0,48,201,22,,521100,2177,9430.993,0.23083466
Census Tract 5212,"Census Tract 5212, Harris County, Texas",48201521200,140,0,48,201,22,,521200,6328,8730.192,0.72484081
Census Tract 5213,"Census Tract 5213, Harris County, Texas",48201521300,140,0,48,201,22,,521300,5439,4830.573,1.125953479
Census Tract 5214,"Census Tract 5214, Harris County, Texas",48201521400,140,0,48,201,22,,521400,7593,12937.43,0.586901561
Census Tract 5215,"Census Tract 5215, Harris County, Texas",48201521500,140,0,48,201,22,,521500,5897,7509.688,0.785252287
Census Tract 5216,"Census Tract 5216, Harris County, Texas",48201521600,140,0,48,201,22,,521600,3632,1409.297,2.5771714
Census Tract 5217,"Census Tract 5217, Harris County, Texas",48201521700,140,0,48,201,22,,521700,6609,3109.852,2.125181275
Census Tract 5218,"Census Tract 5218, Harris County, Texas",48201521800,140,0,48,201,22,,521800,5778,2129.446,2.713382456
Census Tract 5219,"Census Tract 5219, Harris County, Texas",48201521900,140,0,48,201,22,,521900,6537,4441.642,1.471753151
Census Tract 5220,"Census Tract 5220, Harris County, Texas",48201522000,140,0,48,201,22,,522000,4434,5727.639,0.774141038
Census Tract 5221,"Census Tract 5221, Harris County, Texas",48201522100,140,0,48,201,22,,522100,7445,8364.988,0.890019182
Census Tract 5222.01,"Census Tract 5222.01, Harris County, Texas",48201522201,140,0,48,201,22,,522201,3687,5862.497,0.628912952
Census Tract 5222.02,"Census Tract 5222.02, Harris County, Texas",48201522202,140,0,48,201,22,,522202,3655,5352.833,0.682815905
Census Tract 5223.01,"Census Tract 5223.01, Harris County, Texas",48201522301,140,0,48,201,22,,522301,4126,7711.123,0.535071205
Census Tract 5223.02,"Census Tract 5223.02, Harris County, Texas",48201522302,140,0,48,201,22,,522302,3909,7468.281,0.523413622
Census Tract 5224.01,"Census Tract 5224.01, Harris County, Texas",48201522401,140,0,48,201,22,,522401,5259,4922.654,1.068326185
Census Tract 5224.02,"Census Tract 5224.02, Harris County, Texas",48201522402,140,0,48,201,22,,522402,3920,3540.15,1.107297794
Census Tract 5225,"Census Tract 5225, Harris County, Texas",48201522500,140,0,48,201,22,,522500,4461,2862.742,1.558296023
Census Tract 5301,"Census Tract 5301, Harris County, Texas",48201530100,140,0,48,201,22,,530100,6233,6217.358,1.002515842
Census Tract 5302,"Census Tract 5302, Harris County, Texas",48201530200,140,0,48,201,22,,530200,3373,2472.519,1.364195896
Census Tract 5303,"Census Tract 5303, Harris County, Texas",48201530300,140,0,48,201,22,,530300,2400,3383.77,0.709268151
Census Tract 5304,"Census Tract 5304, Harris County, Texas",48201530400,140,0,48,201,22,,530400,2602,4234.663,0.614452654
Census Tract 5305,"Census Tract 5305, Harris County, Texas",48201530500,140,0,48,201,22,,530500,4763,5230.582,0.91060615
Census Tract 5306,"Census Tract 5306, Harris County, Texas",48201530600,140,0,48,201,22,,530600,3612,3029.83,1.192146064
Census Tract 5307,"Census Tract 5307, Harris County, Texas",48201530700,140,0,48,201,22,,530700,5606,5205.971,1.07684051
Census Tract 5308,"Census Tract 5308, Harris County, Texas",48201530800,140,0,48,201,22,,530800,3849,2166.305,1.776758425
Census Tract 5309,"Census Tract 5309, Harris County, Texas",48201530900,140,0,48,201,22,,530900,4187,5419.354,0.772601263
Census Tract 5310,"Census Tract 5310, Harris County, Texas",48201531000,140,0,48,201,22,,531000,3629,3938.879,0.921328207
Census Tract 5311,"Census Tract 5311, Harris County, Texas",48201531100,140,0,48,201,22,,531100,2854,4476.92,0.637491757
Census Tract 5312,"Census Tract 5312, Harris County, Texas",48201531200,140,0,48,201,22,,531200,3162,4276.722,0.739351302
Census Tract 5313,"Census Tract 5313, Harris County, Texas",48201531300,140,0,48,201,22,,531300,5380,9043.858,0.594878818
Census Tract 5314,"Census Tract 5314, Harris County, Texas",48201531400,140,0,48,201,22,,531400,2053,4991.87,0.411268701
Census Tract 5315,"Census Tract 5315, Harris County, Texas",48201531500,140,0,48,201,22,,531500,3020,4100.048,0.736576772
Census Tract 5316,"Census Tract 5316, Harris County, Texas",48201531600,140,0,48,201,22,,531600,2823,3104.017,0.909466762
Census Tract 5317,"Census Tract 5317, Harris County, Texas",48201531700,140,0,48,201,22,,531700,2829,3933.927,0.719128814
Census Tract 5318,"Census Tract 5318, Harris County, Texas",48201531800,140,0,48,201,22,,531800,2352,1875.163,1.254290753
Census Tract 5319,"Census Tract 5319, Harris County, Texas",48201531900,140,0,48,201,22,,531900,4708,2813.543,1.67333478
Census Tract 5320.01,"Census Tract 5320.01, Harris County, Texas",48201532001,140,0,48,201,22,,532001,4867,6491.766,0.749718918
Census Tract 5320.02,"Census Tract 5320.02, Harris County, Texas",48201532002,140,0,48,201,22,,532002,1008,4085.724,0.246712726
Census Tract 5321,"Census Tract 5321, Harris County, Texas",48201532100,140,0,48,201,22,,532100,5777,7932.248,0.72829295
Census Tract 5322,"Census Tract 5322, Harris County, Texas",48201532200,140,0,48,201,22,,532200,2790,3884.738,0.718195219
Census Tract 5323,"Census Tract 5323, Harris County, Texas",48201532300,140,0,48,201,22,,532300,5520,2304.17,2.395656659
Census Tract 5324,"Census Tract 5324, Harris County, Texas",48201532400,140,0,48,201,22,,532400,6112,3403.835,1.795621447
Census Tract 5325.01,"Census Tract 5325.01, Harris County, Texas",48201532501,140,0,48,201,22,,532501,8895,4807.16,1.850364944
Census Tract 5325.02,"Census Tract 5325.02, Harris County, Texas",48201532502,140,0,48,201,22,,532502,5562,5344.55,1.040686289
Census Tract 5326,"Census Tract 5326, Harris County, Texas",48201532600,140,0,48,201,22,,532600,6558,6347.938,1.033091273
Census Tract 5327,"Census Tract 5327, Harris County, Texas",48201532700,140,0,48,201,22,,532700,4820,4743.463,1.01613521
Census Tract 5328,"Census Tract 5328, Harris County, Texas",48201532800,140,0,48,201,22,,532800,1684,3284.591,0.51269697
Census Tract 5329,"Census Tract 5329, Harris County, Texas",48201532900,140,0,48,201,22,,532900,4667,7082.644,0.658934713
Census Tract 5330,"Census Tract 5330, Harris County, Texas",48201533000,140,0,48,201,22,,533000,2245,3281.452,0.684148344
Census Tract 5331,"Census Tract 5331, Harris County, Texas",48201533100,140,0,48,201,22,,533100,6449,4793.374,1.345398898
Census Tract 5332,"Census Tract 5332, Harris County, Texas",48201533200,140,0,48,201,22,,533200,3222,3115.179,1.034290506
Census Tract 5333,"Census Tract 5333, Harris County, Texas",48201533300,140,0,48,201,22,,533300,5880,4303.678,1.366273126
Census Tract 5334,"Census Tract 5334, Harris County, Texas",48201533400,140,0,48,201,22,,533400,9655,3657.527,2.639761651
Census Tract 5335,"Census Tract 5335, Harris County, Texas",48201533500,140,0,48,201,22,,533500,4383,4250.169,1.031253041
Census Tract 5336,"Census Tract 5336, Harris County, Texas",48201533600,140,0,48,201,22,,533600,5480,4040.249,1.35635223
Census Tract 5337.01,"Census Tract 5337.01, Harris County, Texas",48201533701,140,0,48,201,22,,533701,5695,1681.041,3.387780947
Census Tract 5337.02,"Census Tract 5337.02, Harris County, Texas",48201533702,140,0,48,201,22,,533702,3498,9219.056,0.379431488
Census Tract 5338.01,"Census Tract 5338.01, Harris County, Texas",48201533801,140,0,48,201,22,,533801,8645,2639.284,3.275509385
Census Tract 5338.02,"Census Tract 5338.02, Harris County, Texas",48201533802,140,0,48,201,22,,533802,6182,2910.026,2.124379341
Census Tract 5339.01,"Census Tract 5339.01, Harris County, Texas",48201533901,140,0,48,201,22,,533901,9260,8323.852,1.112465772
Census Tract 5339.02,"Census Tract 5339.02, Harris County, Texas",48201533902,140,0,48,201,22,,533902,4408,5925.368,0.743920049
Census Tract 5340.01,"Census Tract 5340.01, Harris County, Texas",48201534001,140,0,48,201,22,,534001,2959,2024.883,1.46131874
Census Tract 5340.02,"Census Tract 5340.02, Harris County, Texas",48201534002,140,0,48,201,22,,534002,5680,4513.521,1.258440966
Census Tract 5340.03,"Census Tract 5340.03, Harris County, Texas",48201534003,140,0,48,201,22,,534003,2678,5323.475,0.50305484
Census Tract 5341,"Census Tract 5341, Harris County, Texas",48201534100,140,0,48,201,22,,534100,7488,1541.197,4.858560735
Census Tract 5342.01,"Census Tract 5342.01, Harris County, Texas",48201534201,140,0,48,201,22,,534201,2582,1922.087,1.343331707
Census Tract 5342.02,"Census Tract 5342.02, Harris County, Texas",48201534202,140,0,48,201,22,,534202,8515,4796.313,1.775321739
Census Tract 5342.03,"Census Tract 5342.03, Harris County, Texas",48201534203,140,0,48,201,22,,534203,1716,1055.848,1.625233785
Census Tract 5401,"Census Tract 5401, Harris County, Texas",48201540100,140,0,48,201,22,,540100,12349,1435.155,8.604646817
Census Tract 5402,"Census Tract 5402, Harris County, Texas",48201540200,140,0,48,201,22,,540200,2654,2745.038,0.966835368
Census Tract 5405.01,"Census Tract 5405.01, Harris County, Texas",48201540501,140,0,48,201,22,,540501,6024,9215.678,0.653668666
Census Tract 5405.02,"Census Tract 5405.02, Harris County, Texas",48201540502,140,0,48,201,22,,540502,5248,3828.953,1.370609825
Census Tract 5406.01,"Census Tract 5406.01, Harris County, Texas",48201540601,140,0,48,201,22,,540601,2632,3381.154,0.778432564
Census Tract 5406.02,"Census Tract 5406.02, Harris County, Texas",48201540602,140,0,48,201,22,,540602,6979,6633.347,1.05210835
Census Tract 5407,"Census Tract 5407, Harris County, Texas",48201540700,140,0,48,201,22,,540700,7505,2508.752,2.991526988
Census Tract 5408,"Census Tract 5408, Harris County, Texas",48201540800,140,0,48,201,22,,540800,7883,2138.476,3.686270747
Census Tract 5409.01,"Census Tract 5409.01, Harris County, Texas",48201540901,140,0,48,201,22,,540901,2496,4108.048,0.607587757
Census Tract 5409.02,"Census Tract 5409.02, Harris County, Texas",48201540902,140,0,48,201,22,,540902,6965,3991.37,1.745015035
Census Tract 5410.01,"Census Tract 5410.01, Harris County, Texas",48201541001,140,0,48,201,22,,541001,10368,5047.264,2.054182104
Census Tract 5410.02,"Census Tract 5410.02, Harris County, Texas",48201541002,140,0,48,201,22,,541002,7924,2856.192,2.774323279
Census Tract 5410.03,"Census Tract 5410.03, Harris County, Texas",48201541003,140,0,48,201,22,,541003,12938,4636.572,2.790423739
Census Tract 5411,"Census Tract 5411, Harris County, Texas",48201541100,140,0,48,201,22,,541100,6536,5004.867,1.305928831
Census Tract 5412.01,"Census Tract 5412.01, Harris County, Texas",48201541201,140,0,48,201,22,,541201,8799,5074.365,1.734009965
Census Tract 5412.02,"Census Tract 5412.02, Harris County, Texas",48201541202,140,0,48,201,22,,541202,8811,7129.36,1.235875224
Census Tract 5412.03,"Census Tract 5412.03, Harris County, Texas",48201541203,140,0,48,201,22,,541203,2682,4536.201,0.591243666
Census Tract 5413,"Census Tract 5413, Harris County, Texas",48201541300,140,0,48,201,22,,541300,11303,5513.669,2.049995985
Census Tract 5414,"Census Tract 5414, Harris County, Texas",48201541400,140,0,48,201,22,,541400,14539,8504.675,1.709530314
Census Tract 5415,"Census Tract 5415, Harris County, Texas",48201541500,140,0,48,201,22,,541500,5216,4395.953,1.186546038
Census Tract 5416.01,"Census Tract 5416.01, Harris County, Texas",48201541601,140,0,48,201,22,,541601,4430,2508.162,1.76623328
Census Tract 5416.02,"Census Tract 5416.02, Harris County, Texas",48201541602,140,0,48,201,22,,541602,9669,4943.211,1.956016012
Census Tract 5417,"Census Tract 5417, Harris County, Texas",48201541700,140,0,48,201,22,,541700,9712,1177.791,8.245943997
Census Tract 5418,"Census Tract 5418, Harris County, Texas",48201541800,140,0,48,201,22,,541800,5762,2939.313,1.960321824
Census Tract 5419,"Census Tract 5419, Harris County, Texas",48201541900,140,0,48,201,22,,541900,6402,3004.444,2.130843849
Census Tract 5420,"Census Tract 5420, Harris County, Texas",48201542000,140,0,48,201,22,,542000,15167,7289.93,2.0805413
Census Tract 5421.01,"Census Tract 5421.01, Harris County, Texas",48201542101,140,0,48,201,22,,542101,17754,5060.585,3.50829
Census Tract 5421.02,"Census Tract 5421.02, Harris County, Texas",48201542102,140,0,48,201,22,,542102,14625,5964.544,2.451989739
Census Tract 5422,"Census Tract 5422, Harris County, Texas",48201542200,140,0,48,201,22,,542200,16532,1799.222,9.188417861
Census Tract 5423.01,"Census Tract 5423.01, Harris County, Texas",48201542301,140,0,48,201,22,,542301,12365,5376.315,2.299902548
Census Tract 5423.02,"Census Tract 5423.02, Harris County, Texas",48201542302,140,0,48,201,22,,542302,6459,3771.516,1.712573958
Census Tract 5424,"Census Tract 5424, Harris County, Texas",48201542400,140,0,48,201,22,,542400,10040,4491.068,2.235548582
Census Tract 5425,"Census Tract 5425, Harris County, Texas",48201542500,140,0,48,201,22,,542500,2161,1277.969,1.690963819
Census Tract 5426,"Census Tract 5426, Harris County, Texas",48201542600,140,0,48,201,22,,542600,4393,2474.792,1.775098572
Census Tract 5427,"Census Tract 5427, Harris County, Texas",48201542700,140,0,48,201,22,,542700,4393,2369.765,1.853770365
Census Tract 5428,"Census Tract 5428, Harris County, Texas",48201542800,140,0,48,201,22,,542800,6983,2021.667,3.454080482
Census Tract 5429,"Census Tract 5429, Harris County, Texas",48201542900,140,0,48,201,22,,542900,11156,534.8065,20.85988198
Census Tract 5430.01,"Census Tract 5430.01, Harris County, Texas",48201543001,140,0,48,201,22,,543001,6421,153.1815,41.91758417
Census Tract 5430.02,"Census Tract 5430.02, Harris County, Texas",48201543002,140,0,48,201,22,,543002,10057,766.5641,13.11958048
Census Tract 5430.03,"Census Tract 5430.03, Harris County, Texas",48201543003,140,0,48,201,22,,543003,16578,6969.201,2.378751948
Census Tract 5431,"Census Tract 5431, Harris County, Texas",48201543100,140,0,48,201,22,,543100,2155,44.11275,48.85208426
Census Tract 5432,"Census Tract 5432, Harris County, Texas",48201543200,140,0,48,201,22,,543200,5924,378.1587,15.66538223
Census Tract 5501,"Census Tract 5501, Harris County, Texas",48201550100,140,0,48,201,22,,550100,4719,3482.733,1.354970371
Census Tract 5502,"Census Tract 5502, Harris County, Texas",48201550200,140,0,48,201,22,,550200,3727,3859.603,0.96564347
Census Tract 5503.01,"Census Tract 5503.01, Harris County, Texas",48201550301,140,0,48,201,22,,550301,6600,6080.308,1.085471438
Census Tract 5503.02,"Census Tract 5503.02, Harris County, Texas",48201550302,140,0,48,201,22,,550302,8785,2562.062,3.428878435
Census Tract 5504.01,"Census Tract 5504.01, Harris County, Texas",48201550401,140,0,48,201,22,,550401,10249,2660.823,3.85181553
Census Tract 5504.02,"Census Tract 5504.02, Harris County, Texas",48201550402,140,0,48,201,22,,550402,9449,5192.351,1.819792215
Census Tract 5505,"Census Tract 5505, Harris County, Texas",48201550500,140,0,48,201,22,,550500,5665,3356.193,1.687924423
Census Tract 5506.01,"Census Tract 5506.01, Harris County, Texas",48201550601,140,0,48,201,22,,550601,6731,8564.949,0.785877386
Census Tract 5506.02,"Census Tract 5506.02, Harris County, Texas",48201550602,140,0,48,201,22,,550602,3015,6965.681,0.432836368
Census Tract 5506.03,"Census Tract 5506.03, Harris County, Texas",48201550603,140,0,48,201,22,,550603,5632,8387.053,0.671511219
Census Tract 5507,"Census Tract 5507, Harris County, Texas",48201550700,140,0,48,201,22,,550700,3038,1296.775,2.342734793
Census Tract 5508,"Census Tract 5508, Harris County, Texas",48201550800,140,0,48,201,22,,550800,3468,4512.897,0.768464178
Census Tract 5509,"Census Tract 5509, Harris County, Texas",48201550900,140,0,48,201,22,,550900,8741,7125.638,1.226697189
Census Tract 5510,"Census Tract 5510, Harris County, Texas",48201551000,140,0,48,201,22,,551000,3377,7872.254,0.428974961
Census Tract 5511,"Census Tract 5511, Harris County, Texas",48201551100,140,0,48,201,22,,551100,9497,5334.778,1.780205159
Census Tract 5512,"Census Tract 5512, Harris County, Texas",48201551200,140,0,48,201,22,,551200,6747,4894.998,1.378345768
Census Tract 5513,"Census Tract 5513, Harris County, Texas",48201551300,140,0,48,201,22,,551300,3818,4977.875,0.766993901
Census Tract 5514,"Census Tract 5514, Harris County, Texas",48201551400,140,0,48,201,22,,551400,4335,1412.867,3.068229274
Census Tract 5515,"Census Tract 5515, Harris County, Texas",48201551500,140,0,48,201,22,,551500,7803,2038.9,3.827064064
Census Tract 5516,"Census Tract 5516, Harris County, Texas",48201551600,140,0,48,201,22,,551600,8294,7012.728,1.182706638
Census Tract 5517.01,"Census Tract 5517.01, Harris County, Texas",48201551701,140,0,48,201,22,,551701,9087,5239.635,1.734281008
Census Tract 5517.02,"Census Tract 5517.02, Harris County, Texas",48201551702,140,0,48,201,22,,551702,4024,5026.505,0.800556219
Census Tract 5517.03,"Census Tract 5517.03, Harris County, Texas",48201551703,140,0,48,201,22,,551703,7692,6437.117,1.194944919
Census Tract 5518,"Census Tract 5518, Harris County, Texas",48201551800,140,0,48,201,22,,551800,4386,1890.896,2.319535071
Census Tract 5519,"Census Tract 5519, Harris County, Texas",48201551900,140,0,48,201,22,,551900,5881,8528.355,0.689581959
Census Tract 5520.01,"Census Tract 5520.01, Harris County, Texas",48201552001,140,0,48,201,22,,552001,8117,4756.129,1.706639954
Census Tract 5520.02,"Census Tract 5520.02, Harris County, Texas",48201552002,140,0,48,201,22,,552002,1415,2195.016,0.644642369
Census Tract 5521.01,"Census Tract 5521.01, Harris County, Texas",48201552101,140,0,48,201,22,,552101,3883,4316.087,0.89965745
Census Tract 5521.02,"Census Tract 5521.02, Harris County, Texas",48201552102,140,0,48,201,22,,552102,5928,4849.253,1.222456243
Census Tract 5521.03,"Census Tract 5521.03, Harris County, Texas",48201552103,140,0,48,201,22,,552103,2954,4905.104,0.602229817
Census Tract 5522,"Census Tract 5522, Harris County, Texas",48201552200,140,0,48,201,22,,552200,6511,1689.403,3.854023262
Census Tract 5523.01,"Census Tract 5523.01, Harris County, Texas",48201552301,140,0,48,201,22,,552301,3961,2400.141,1.650319615
Census Tract 5523.02,"Census Tract 5523.02, Harris County, Texas",48201552302,140,0,48,201,22,,552302,4962,3541.619,1.401053982
Census Tract 5524,"Census Tract 5524, Harris County, Texas",48201552400,140,0,48,201,22,,552400,6599,2796.565,2.359680431
Census Tract 5525,"Census Tract 5525, Harris County, Texas",48201552500,140,0,48,201,22,,552500,10270,4865.544,2.110760745
Census Tract 5526.01,"Census Tract 5526.01, Harris County, Texas",48201552601,140,0,48,201,22,,552601,5339,4828.843,1.10564798
Census Tract 5526.02,"Census Tract 5526.02, Harris County, Texas",48201552602,140,0,48,201,22,,552602,5968,2954.052,2.020276156
Census Tract 5527,"Census Tract 5527, Harris County, Texas",48201552700,140,0,48,201,22,,552700,8092,4234.775,1.910845147
Census Tract 5528,"Census Tract 5528, Harris County, Texas",48201552800,140,0,48,201,22,,552800,8826,3550.022,2.486181403
Census Tract 5529,"Census Tract 5529, Harris County, Texas",48201552900,140,0,48,201,22,,552900,6966,3717.954,1.873610997
Census Tract 5530.01,"Census Tract 5530.01, Harris County, Texas",48201553001,140,0,48,201,22,,553001,5044,2793.442,1.805657787
Census Tract 5530.02,"Census Tract 5530.02, Harris County, Texas",48201553002,140,0,48,201,22,,553002,4565,2593.666,1.760056803
Census Tract 5531,"Census Tract 5531, Harris County, Texas",48201553100,140,0,48,201,22,,553100,6140,4713.485,1.302645418
Census Tract 5532,"Census Tract 5532, Harris County, Texas",48201553200,140,0,48,201,22,,553200,6743,4120.122,1.636602177
Census Tract 5533,"Census Tract 5533, Harris County, Texas",48201553300,140,0,48,201,22,,553300,4600,8589.041,0.535566188
Census Tract 5534.01,"Census Tract 5534.01, Harris County, Texas",48201553401,140,0,48,201,22,,553401,3815,2656.309,1.436203179
Census Tract 5534.02,"Census Tract 5534.02, Harris County, Texas",48201553402,140,0,48,201,22,,553402,6899,3332.244,2.070376774
Census Tract 5534.03,"Census Tract 5534.03, Harris County, Texas",48201553403,140,0,48,201,22,,553403,6185,2419.447,2.556369373
Census Tract 5535,"Census Tract 5535, Harris County, Texas",48201553500,140,0,48,201,22,,553500,6370,4642.773,1.37202489
Census Tract 5536,"Census Tract 5536, Harris County, Texas",48201553600,140,0,48,201,22,,553600,6273,3376.265,1.857969998
Census Tract 5537,"Census Tract 5537, Harris County, Texas",48201553700,140,0,48,201,22,,553700,3960,3264.116,1.213192107
Census Tract 5538.01,"Census Tract 5538.01, Harris County, Texas",48201553801,140,0,48,201,22,,553801,2486,1739.451,1.429186544
Census Tract 5538.02,"Census Tract 5538.02, Harris County, Texas",48201553802,140,0,48,201,22,,553802,7672,3725.679,2.059221896
Census Tract 5539,"Census Tract 5539, Harris County, Texas",48201553900,140,0,48,201,22,,553900,7748,3855.81,2.009435179
Census Tract 5540.01,"Census Tract 5540.01, Harris County, Texas",48201554001,140,0,48,201,22,,554001,3299,2569.721,1.283797068
Census Tract 5540.02,"Census Tract 5540.02, Harris County, Texas",48201554002,140,0,48,201,22,,554002,4307,2613.544,1.647953967
Census Tract 5541.01,"Census Tract 5541.01, Harris County, Texas",48201554101,140,0,48,201,22,,554101,1245,4096.546,0.303914536
Census Tract 5541.02,"Census Tract 5541.02, Harris County, Texas",48201554102,140,0,48,201,22,,554102,9399,5405.662,1.73873238
Census Tract 5542,"Census Tract 5542, Harris County, Texas",48201554200,140,0,48,201,22,,554200,6229,2297.647,2.711034182
Census Tract 5543.01,"Census Tract 5543.01, Harris County, Texas",48201554301,140,0,48,201,22,,554301,7331,3465.138,2.115644551
Census Tract 5543.02,"Census Tract 5543.02, Harris County, Texas",48201554302,140,0,48,201,22,,554302,4420,1936.527,2.282436058
Census Tract 5544.01,"Census Tract 5544.01, Harris County, Texas",48201554401,140,0,48,201,22,,554401,13497,2367.023,5.702099392
Census Tract 5544.02,"Census Tract 5544.02, Harris County, Texas",48201554402,140,0,48,201,22,,554402,12826,2353.812,5.449032968
Census Tract 5544.03,"Census Tract 5544.03, Harris County, Texas",48201554403,140,0,48,201,22,,554403,8692,2095.623,4.147691804
Census Tract 5545.01,"Census Tract 5545.01, Harris County, Texas",48201554501,140,0,48,201,22,,554501,5287,1118.653,4.726219195
Census Tract 5545.02,"Census Tract 5545.02, Harris County, Texas",48201554502,140,0,48,201,22,,554502,6327,3548.988,1.782761542
Census Tract 5546,"Census Tract 5546, Harris County, Texas",48201554600,140,0,48,201,22,,554600,4605,3275.833,1.40574937
Census Tract 5547,"Census Tract 5547, Harris County, Texas",48201554700,140,0,48,201,22,,554700,6937,3902.522,1.777568467
Census Tract 5548.01,"Census Tract 5548.01, Harris County, Texas",48201554801,140,0,48,201,22,,554801,14076,2581.711,5.452197848
Census Tract 5548.02,"Census Tract 5548.02, Harris County, Texas",48201554802,140,0,48,201,22,,554802,15009,1163.97,12.89465897
Census Tract 5549.01,"Census Tract 5549.01, Harris County, Texas",48201554901,140,0,48,201,22,,554901,8373,2495.979,3.354595465
Census Tract 5549.02,"Census Tract 5549.02, Harris County, Texas",48201554902,140,0,48,201,22,,554902,6182,1274.327,4.851188114
Census Tract 5549.03,"Census Tract 5549.03, Harris County, Texas",48201554903,140,0,48,201,22,,554903,11314,2252.459,5.022955705
Census Tract 5550,"Census Tract 5550, Harris County, Texas",48201555000,140,0,48,201,22,,555000,7449,3472.974,2.144847775
Census Tract 5551,"Census Tract 5551, Harris County, Texas",48201555100,140,0,48,201,22,,555100,8149,2798.413,2.9120077
Census Tract 5552,"Census Tract 5552, Harris County, Texas",48201555200,140,0,48,201,22,,555200,6413,892.3479,7.18665878
Census Tract 5553.01,"Census Tract 5553.01, Harris County, Texas",48201555301,140,0,48,201,22,,555301,960,384.4059,2.497359833
Census Tract 5553.02,"Census Tract 5553.02, Harris County, Texas",48201555302,140,0,48,201,22,,555302,9219,1246.222,7.397557827
Census Tract 5553.03,"Census Tract 5553.03, Harris County, Texas",48201555303,140,0,48,201,22,,555303,4090,507.1976,8.063918443
Census Tract 5554.01,"Census Tract 5554.01, Harris County, Texas",48201555401,140,0,48,201,22,,555401,2445,473.528,5.163369483
Census Tract 5554.02,"Census Tract 5554.02, Harris County, Texas",48201555402,140,0,48,201,22,,555402,7774,1435.333,5.416166407
Census Tract 5555.01,"Census Tract 5555.01, Harris County, Texas",48201555501,140,0,48,201,22,,555501,4324,273.2025,15.82709109
Census Tract 5555.02,"Census Tract 5555.02, Harris County, Texas",48201555502,140,0,48,201,22,,555502,17016,1270.138,13.39697327
Census Tract 5556,"Census Tract 5556, Harris County, Texas",48201555600,140,0,48,201,22,,555600,4717,225.235,20.94257271
Census Tract 5557.01,"Census Tract 5557.01, Harris County, Texas",48201555701,140,0,48,201,22,,555701,7064,1714.952,4.119064644
Census Tract 5557.02,"Census Tract 5557.02, Harris County, Texas",48201555702,140,0,48,201,22,,555702,9389,2100.174,4.470581717
Census Tract 5560,"Census Tract 5560, Harris County, Texas",48201556000,140,0,48,201,22,,556000,6462,126.1598,51.2207655
Census Tract 9800,"Census Tract 9800, Harris County, Texas",48201980000,140,0,48,201,22,,980000,33,15.24626,2.164464855
Census Tract 9801,"Census Tract 9801, Harris County, Texas",48201980100,140,0,48,201,22,,980100,603,49.37996,12.21143187
